{"flower_leaf": {"profit": [242.4771539837501], "cost": [647.7123388867844]}, "flower_cauliflower": {"profit": [88.92730760144521], "cost": [230.47694227837505]}, "water_root": {"profit": [22.36892151316436], "cost": [313.65747812362724]}, "eggplant": {"profit": [66.70156053790984], "cost": [138.57611046090125]}, "pepper": {"profit": [197.25821192159313], "cost": [436.7462804659183]}, "mushroom": {"profit": [135.6331808882836], "cost": [341.43811731388337]}}