{"flower_leaf": [287.7969999999999, 213.66500000000028, 274.09699999999975, 242.5289999999999, 306.95899999999983, 367.1289999999997, 197.71800000000007, 183.98000000000008, 180.67299999999997, 188.53900000000004, 212.51000000000005, 269.6190000000002, 375.78100000000006, 197.65399999999997, 203.808, 152.02899999999994, 167.799, 150.625, 266.55000000000007, 276.911, 136.04100000000008, 152.18500000000017, 143.7319999999999, 218.53300000000004, 159.65400000000014, 285.2240000000001, 288.75500000000005, 251.4550000000001, 223.51199999999997, 146.3900000000001, 179.17699999999985], "flower_cauliflower": [25.82000000000001, 24.46, 27.341999999999995, 27.456999999999997, 72.116, 67.96799999999998, 29.01700000000001, 29.685999999999993, 20.824999999999996, 20.405, 30.644, 65.466, 78.67, 33.376000000000005, 33.429999999999986, 26.065, 31.098, 26.453999999999997, 60.28999999999998, 89.85100000000001, 37.057, 27.34599999999999, 39.82300000000001, 39.29299999999999, 33.71099999999999, 62.71699999999998, 51.016, 33.949, 33.714, 33.438, 23.092], "water_root": [25.028999999999993, 22.979000000000003, 35.34800000000001, 87.25000000000003, 43.51799999999999, 93.76100000000001, 60.12700000000002, 78.34500000000001, 39.897, 48.44799999999999, 55.35800000000004, 71.47, 73.57799999999997, 65.51700000000001, 51.179999999999986, 47.28199999999999, 47.928999999999995, 63.36200000000001, 85.82499999999997, 77.31299999999996, 48.46800000000001, 38.698, 43.83, 61.288000000000004, 65.984, 103.90499999999997, 93.23199999999997, 63.262, 54.924, 75.74199999999996, 73.30499999999999], "eggplant": [9.271, 9.603, 12.913000000000002, 11.517000000000001, 18.692999999999998, 18.880999999999997, 10.536999999999999, 10.904, 9.89, 11.411, 14.918, 11.965, 20.845000000000002, 12.715000000000003, 10.295000000000003, 9.312999999999999, 12.154, 19.540999999999997, 14.524000000000003, 14.386, 12.996999999999998, 11.078999999999999, 9.4, 9.801000000000002, 10.328, 16.19, 11.874, 13.266000000000002, 12.741000000000003, 16.318, 20.724999999999998], "pepper": [47.88200000000003, 48.739999999999995, 48.795, 42.929, 50.32000000000002, 61.76999999999999, 39.56600000000001, 37.891000000000005, 36.05899999999999, 45.74700000000002, 44.51400000000001, 54.731, 76.78399999999992, 48.394000000000005, 41.06600000000001, 34.839999999999996, 33.18000000000002, 41.801000000000016, 68.24000000000001, 64.27300000000002, 30.846, 38.61500000000001, 41.738, 37.46299999999998, 53.08300000000001, 52.907, 52.745000000000005, 45.86300000000003, 28.906, 32.166999999999994, 45.584], "mushroom": [99.47700000000002, 185.14099999999993, 97.39499999999998, 110.87499999999997, 155.11499999999995, 234.20499999999973, 91.33300000000001, 89.028, 80.16399999999994, 89.36299999999996, 94.15300000000005, 174.11899999999991, 197.615, 83.08900000000004, 99.76399999999998, 74.21200000000002, 94.65199999999999, 86.25999999999993, 154.6809999999999, 141.9719999999999, 84.04499999999996, 75.88599999999998, 67.60400000000001, 75.626, 148.94300000000007, 135.65800000000004, 118.12900000000008, 69.81900000000003, 79.64700000000002, 66.63099999999997, 120.94499999999994]}