{"flower_leaf": [206.95600000000042, 144.44200000000004, 135.0669999999999, 122.11400000000006, 146.32700000000006, 142.586, 223.59299999999993, 209.8079999999999, 144.9110000000001, 157.96200000000033, 150.86700000000016, 151.1440000000001, 141.97700000000012, 207.14500000000024, 227.23099999999994, 140.08700000000005, 222.51700000000002, 203.32200000000017, 207.80000000000007, 244.55500000000004, 460.1029999999997, 371.9680000000005, 294.3110000000001, 220.18899999999985, 237.71299999999974, 282.92300000000023, 225.59600000000003, 400.29500000000024, 287.707, 207.35299999999998], "flower_cauliflower": [69.06199999999994, 32.726, 51.944999999999986, 67.52699999999999, 57.35400000000002, 95.13599999999997, 121.45299999999995, 125.59100000000004, 57.592000000000006, 25.698000000000004, 63.250000000000036, 13.405999999999999, 60.306000000000004, 84.00099999999998, 77.79799999999996, 48.64, 43.62099999999999, 50.43799999999998, 77.16499999999998, 52.701, 114.06600000000009, 119.596, 74.62299999999998, 60.927000000000014, 37.13699999999999, 34.765999999999984, 28.93399999999999, 79.44100000000006, 77.33500000000001, 41.156000000000006], "water_root": [71.33200000000004, 15.052999999999999, 15.726999999999999, 18.183, 8.347, 13.442999999999998, 71.41299999999997, 58.20700000000001, 14.578999999999999, 12.102999999999998, 17.155, 15.236999999999998, 13.766, 58.12699999999999, 45.35299999999999, 14.449999999999998, 24.762, 19.171, 22.977, 22.479999999999997, 95.37499999999999, 67.53799999999998, 34.986999999999995, 44.692000000000014, 38.69699999999998, 24.098999999999993, 23.178000000000004, 30.289, 31.494, 18.481], "eggplant": [15.406999999999998, 11.378000000000002, 10.845999999999998, 10.702, 9.067000000000002, 7.22, 10.878, 16.906, 10.062999999999999, 9.573999999999998, 15.585, 15.508, 8.044, 18.145999999999997, 17.736, 15.672, 12.223999999999998, 15.946, 12.807999999999998, 9.804, 25.150000000000002, 26.932999999999993, 15.902, 13.897, 13.199000000000002, 12.868, 13.175000000000002, 18.759, 20.701999999999998, 18.290000000000006], "pepper": [73.72200000000002, 54.35099999999998, 66.83399999999997, 59.731, 45.281999999999975, 49.286999999999985, 69.738, 78.90699999999997, 64.61600000000004, 54.66300000000002, 65.83399999999999, 58.85100000000001, 70.24600000000001, 71.84000000000003, 74.07800000000007, 45.345000000000034, 43.486000000000026, 45.40700000000003, 59.11100000000002, 53.491999999999976, 79.34399999999997, 99.221, 59.056000000000026, 52.15700000000003, 39.05400000000006, 48.086000000000034, 53.116000000000014, 82.48500000000006, 66.15100000000005, 54.21400000000005], "mushroom": [127.96699999999996, 78.32100000000003, 64.341, 195.3400000000001, 129.089, 80.15299999999995, 122.89600000000002, 124.49199999999996, 63.22000000000002, 64.18, 64.52199999999999, 68.656, 67.67600000000002, 92.79299999999994, 73.108, 54.363000000000014, 131.97899999999998, 99.08899999999996, 90.297, 70.888, 169.38200000000006, 160.15399999999985, 195.78799999999993, 117.66099999999997, 95.58099999999999, 110.27599999999998, 112.97900000000003, 187.13300000000015, 168.21799999999976, 100.48599999999993]}