{"flower_leaf": [205.40199999999973, 198.36199999999985, 190.77899999999997, 236.5869999999997, 223.899, 195.73999999999992, 172.05200000000005, 152.5699999999999, 187.43900000000016, 179.8329999999999, 270.34299999999985, 300.1889999999998, 190.83199999999985, 190.59900000000007, 217.442, 212.5259999999999, 195.67000000000002, 274.26500000000004, 319.79099999999994, 204.997, 214.99, 232.40999999999963, 199.98399999999972, 176.32499999999985, 227.13699999999983, 250.8249999999998, 198.00899999999982, 165.44300000000007, 193.72900000000013, 201.74300000000005, 197.16599999999963], "flower_cauliflower": [46.64000000000003, 43.943000000000005, 42.07599999999999, 55.662, 55.47400000000002, 42.721, 45.74900000000001, 45.433, 41.13099999999999, 62.34400000000001, 76.56400000000004, 71.61500000000004, 32.028, 57.575, 37.961999999999996, 39.45000000000001, 44.19799999999999, 61.088000000000015, 76.35100000000007, 47.43100000000001, 49.005, 53.67500000000002, 39.425, 37.695, 57.42100000000002, 64.119, 42.876, 34.937, 42.21999999999999, 38.198000000000015, 37.54899999999999], "water_root": [4.8500000000000005, 4.6, 9.572, 5.439, 4.019, 3.0890000000000004, 3.1170000000000004, 10.605, 2.1060000000000003, 9.025, 8.928000000000003, 13.994000000000002, 11.604999999999997, 9.007, 10.238000000000001, 11.354, 10.727, 10.418000000000001, 11.123999999999999, 9.547999999999998, 12.744000000000003, 10.850000000000001, 30.417, 11.74, 10.424000000000001, 12.988000000000001, 17.264999999999997, 13.959, 18.59700000000001, 10.644999999999998, 19.061999999999998], "eggplant": [35.373999999999995, 32.199, 35.89600000000002, 57.06699999999999, 61.81600000000001, 30.727000000000015, 32.112, 39.66999999999999, 25.921, 37.85999999999999, 68.277, 81.70599999999999, 44.37899999999999, 34.747, 38.17000000000001, 26.586000000000002, 37.251000000000005, 56.58499999999998, 71.77199999999996, 33.94700000000001, 27.093999999999994, 48.24699999999999, 44.14200000000002, 34.97, 61.87399999999997, 69.521, 36.121, 40.33999999999998, 40.77700000000001, 46.311, 34.09199999999999], "pepper": [76.71500000000003, 66.06399999999998, 64.25299999999999, 81.28199999999997, 98.496, 58.68200000000003, 42.21300000000003, 65.88000000000002, 58.859999999999985, 58.93600000000002, 85.936, 72.16800000000003, 61.23999999999999, 66.74499999999999, 73.35400000000007, 72.65600000000006, 61.02500000000001, 85.05100000000006, 102.71100000000006, 67.35000000000001, 56.99300000000001, 81.30899999999994, 57.63899999999998, 57.58000000000004, 94.20599999999999, 102.06099999999996, 71.40200000000003, 66.001, 82.49400000000007, 67.643, 41.10399999999997], "mushroom": [35.36500000000001, 48.51000000000002, 42.44199999999994, 47.26199999999998, 73.21300000000004, 40.57799999999998, 52.55999999999996, 43.96800000000001, 37.837, 41.428999999999995, 52.23799999999994, 55.95999999999998, 42.11299999999997, 44.83600000000001, 42.19600000000001, 53.25900000000002, 51.90800000000002, 71.69200000000005, 79.82099999999997, 52.617000000000026, 45.905000000000015, 66.67799999999998, 56.75899999999999, 49.201, 67.01300000000002, 71.29499999999997, 52.77699999999997, 47.72799999999998, 54.314999999999976, 50.773999999999994, 45.58700000000001]}