{"flower_leaf": [229.88999999999982, 243.1379999999999, 207.84299999999996, 180.0119999999999, 244.3949999999996, 234.77699999999973, 204.94099999999995, 311.16099999999983, 250.58999999999992, 210.29199999999975, 216.71299999999997, 206.87699999999978, 188.20800000000008, 217.75800000000007, 245.1359999999999, 241.47999999999976, 215.63299999999987, 225.11299999999972, 214.17299999999977, 233.53199999999973, 207.07599999999988, 273.08099999999985, 261.552, 260.6939999999999, 343.4269999999996, 241.68599999999978, 199.0069999999998, 195.03199999999995, 267.03099999999995, 266.387, 224.88199999999992], "flower_cauliflower": [54.36199999999999, 49.21900000000002, 44.426000000000016, 44.53400000000003, 43.63099999999999, 40.827000000000005, 40.272, 58.156000000000006, 54.87600000000003, 50.70000000000001, 56.279, 50.064999999999976, 47.46800000000002, 58.581999999999994, 79.38000000000002, 60.23100000000004, 51.74899999999999, 55.919999999999995, 64.06100000000002, 69.58699999999999, 50.062000000000005, 55.88600000000003, 71.55600000000001, 41.784000000000006, 47.761, 82.54400000000001, 92.50599999999996, 39.92999999999999, 56.80300000000002, 80.77900000000001, 54.722000000000016], "water_root": [21.432000000000002, 56.153999999999996, 15.555000000000001, 26.207999999999995, 21.451999999999998, 19.115000000000002, 25.415000000000003, 27.46100000000001, 25.90000000000001, 30.683000000000003, 20.458, 27.355000000000008, 19.323999999999998, 29.991, 25.642, 24.453999999999994, 15.915999999999997, 21.753, 17.95, 22.966, 34.598, 42.77200000000001, 46.05699999999999, 20.305000000000003, 20.062, 18.95, 19.486999999999995, 20.996999999999996, 65.814, 30.004999999999992, 52.948999999999984], "eggplant": [48.805, 50.89299999999999, 45.191, 30.591000000000008, 49.472, 31.596000000000004, 51.799, 63.76399999999999, 51.83499999999999, 47.663999999999994, 33.572, 36.00899999999999, 31.109, 37.826000000000015, 43.279000000000025, 48.366, 35.01399999999998, 34.019000000000005, 30.34699999999999, 37.957, 29.693999999999996, 30.421999999999993, 47.316, 26.874, 23.272000000000006, 30.722, 19.129000000000005, 24.597, 30.675, 21.641, 15.943], "pepper": [66.15599999999998, 67.96300000000002, 86.474, 73.36500000000004, 82.22900000000003, 74.04700000000001, 78.61099999999999, 100.29199999999987, 73.68400000000005, 78.73499999999997, 73.29200000000007, 85.16600000000004, 61.768000000000015, 76.48899999999998, 94.28500000000001, 95.285, 72.95299999999997, 76.91999999999996, 80.91899999999994, 75.95299999999999, 85.19800000000006, 116.80099999999992, 93.71399999999991, 97.07899999999995, 107.21299999999997, 82.32000000000001, 89.91999999999996, 156.1099999999999, 145.62699999999992, 155.81100000000004, 117.96499999999999], "mushroom": [53.79699999999999, 54.96099999999998, 48.574999999999974, 45.300999999999995, 62.83999999999996, 48.61100000000001, 68.17699999999996, 92.14399999999995, 73.07299999999995, 36.094, 40.01699999999999, 34.19500000000001, 35.650000000000006, 53.79499999999996, 58.015, 55.09300000000001, 47.418, 45.715999999999994, 50.12600000000001, 54.411, 50.0, 49.89500000000002, 55.22599999999996, 39.576, 54.487999999999985, 42.81099999999999, 50.45800000000001, 55.659000000000006, 62.43100000000001, 73.19499999999998, 44.77600000000002]}