{"flower_leaf": [73.79400000000001, 58.358999999999966, 73.84699999999995, 93.90499999999996, 115.18400000000001, 64.231, 63.26300000000002, 70.37700000000004, 57.67499999999999, 68.29599999999999, 141.28700000000023, 116.34900000000006, 61.91500000000002, 66.116, 101.66599999999997, 99.12500000000006, 97.58200000000004, 109.38899999999994, 147.8910000000001, 82.83200000000004, 71.006, 75.72900000000003, 91.2130000000001, 120.94400000000005, 180.7869999999998, 209.30800000000005, 82.70500000000003, 86.04299999999999, 68.16500000000002, 84.271, 125.70099999999998], "flower_cauliflower": [18.538, 18.263000000000005, 20.738999999999994, 22.86499999999999, 25.794999999999998, 14.424, 16.638999999999996, 15.059000000000001, 12.174999999999997, 14.231, 30.449999999999996, 15.655999999999997, 27.924999999999997, 13.140999999999998, 18.179000000000002, 25.768000000000004, 34.299, 42.24199999999999, 51.13299999999996, 24.901, 18.202, 14.458000000000002, 24.07300000000001, 30.134999999999987, 33.162000000000006, 28.497999999999998, 15.213000000000001, 24.145000000000003, 24.749, 17.650999999999996, 69.793], "water_root": [30.014999999999997, 25.404, 18.924999999999997, 62.259, 50.99400000000001, 12.844, 31.830999999999996, 25.31899999999999, 25.262000000000004, 32.79199999999999, 124.24000000000008, 61.198000000000015, 21.831999999999994, 33.17499999999999, 2.6020000000000003, 39.56899999999999, 40.154, 70.55100000000002, 67.19000000000001, 38.28300000000001, 48.36900000000003, 31.46899999999999, 30.020999999999994, 35.440999999999995, 66.83900000000001, 95.58400000000002, 42.15500000000001, 35.054, 34.882, 37.37, 60.713000000000044], "eggplant": [5.252000000000001, 4.473999999999999, 5.683000000000001, 9.205, 10.650000000000002, 8.862, 6.648, 7.96, 7.2540000000000004, 8.928000000000003, 10.714, 10.425999999999998, 1.537, 5.472, 6.2989999999999995, 4.506, 10.172999999999998, 11.995999999999997, 9.451, 6.115000000000001, 6.431000000000001, 4.455, 6.562999999999999, 8.624, 13.596000000000004, 9.123000000000001, 5.3500000000000005, 5.317, 3.027, 11.272000000000002, 12.997], "pepper": [24.119, 22.703000000000007, 25.931000000000008, 36.35999999999998, 37.12299999999998, 37.46099999999999, 29.638, 24.71, 24.153000000000006, 26.560000000000016, 43.574999999999996, 43.44399999999995, 33.33299999999999, 30.286999999999995, 29.24300000000001, 33.832, 34.227999999999994, 59.29800000000003, 52.980000000000025, 50.94799999999999, 31.633000000000003, 22.569999999999993, 33.503, 52.243, 65.33899999999998, 64.14399999999998, 37.586, 42.784, 35.300000000000004, 35.101, 66.31399999999998], "mushroom": [24.864, 20.085000000000004, 54.49799999999999, 92.69500000000004, 100.24399999999999, 45.51099999999998, 36.62099999999998, 48.245999999999995, 42.72799999999997, 55.26299999999998, 121.63499999999995, 80.302, 92.88400000000001, 103.51600000000003, 63.72400000000003, 51.85600000000002, 69.72900000000001, 114.01699999999995, 118.836, 60.872, 54.26100000000002, 50.26300000000001, 47.43000000000001, 63.083999999999996, 137.5219999999999, 92.32200000000013, 37.642, 39.004000000000005, 28.395, 31.745, 88.95399999999994]}