{"flower_leaf": [205.46099999999987, 168.62499999999986, 174.0939999999998, 170.88200000000015, 180.88899999999978, 264.06799999999964, 183.46700000000013, 138.09600000000003, 132.74400000000006, 262.56199999999984, 88.44700000000005, 99.67399999999994, 88.23700000000004, 77.80900000000003, 146.29699999999988, 273.58199999999965, 163.5889999999998, 84.78400000000002, 78.684, 109.33900000000004, 79.85799999999995, 75.93599999999998, 99.49800000000003, 101.01400000000005, 48.55600000000001, 66.948, 94.72700000000005, 80.94100000000002, 89.72999999999995, 140.981, 92.34199999999996], "flower_cauliflower": [56.81999999999998, 40.391999999999996, 41.67199999999999, 39.913000000000004, 51.13400000000001, 41.57299999999997, 23.277999999999984, 19.822999999999997, 22.221999999999994, 40.32900000000001, 4.407, 18.362000000000005, 16.528000000000002, 14.852000000000002, 23.990999999999996, 36.279999999999994, 26.794999999999995, 20.606000000000005, 16.957999999999995, 25.153999999999996, 11.947000000000003, 16.412000000000003, 18.085999999999995, 9.108, 8.749, 12.041, 15.305, 6.449, 13.574000000000002, 17.279, 28.424000000000003], "water_root": [69.80899999999998, 61.245999999999995, 51.09599999999999, 39.501000000000005, 53.812999999999995, 50.349, 51.56999999999999, 49.69500000000001, 41.198, 58.70399999999999, 45.35099999999999, 29.952999999999996, 36.526, 38.263999999999996, 65.65899999999999, 54.821, 56.019999999999996, 44.513, 42.73799999999999, 41.24799999999999, 46.91, 45.31499999999999, 61.273999999999994, 47.917, 33.696, 37.216, 36.161, 37.949000000000005, 40.045, 59.756, 55.961], "eggplant": [36.474000000000025, 31.700999999999993, 27.065, 20.632000000000005, 35.63399999999998, 23.643000000000004, 20.343000000000004, 23.041000000000004, 16.791999999999998, 24.273, 14.56, 12.799, 11.277, 10.190999999999999, 10.811000000000002, 14.772, 13.639000000000003, 10.501999999999999, 8.765999999999998, 8.978000000000002, 11.261999999999999, 5.062, 9.346, 11.389, 7.279000000000001, 8.679999999999998, 6.836000000000001, 3.1220000000000003, 11.124, 12.133, 8.639000000000001], "pepper": [80.01100000000007, 66.53699999999998, 37.727000000000004, 67.602, 73.28000000000002, 78.09700000000002, 62.907999999999994, 65.80499999999999, 61.37700000000002, 109.84100000000004, 64.75499999999995, 57.25699999999996, 44.341, 38.43099999999998, 54.93300000000001, 93.37299999999999, 64.308, 40.29000000000001, 40.052, 43.47999999999998, 29.336000000000002, 30.078000000000003, 51.36300000000001, 41.48099999999999, 27.46, 35.664, 32.69200000000001, 25.501999999999995, 25.202999999999992, 26.18099999999999, 35.23700000000001], "mushroom": [43.638, 38.08800000000001, 43.269999999999996, 38.49699999999999, 33.25499999999999, 55.72300000000003, 45.794, 49.06199999999999, 33.339999999999996, 77.621, 26.96, 38.76900000000001, 39.51000000000001, 28.438000000000002, 84.89000000000006, 73.51400000000001, 65.81599999999999, 30.06600000000001, 32.19999999999999, 41.794, 38.753, 40.039000000000016, 87.82799999999997, 55.632000000000005, 46.731, 48.63699999999997, 35.369000000000014, 31.658999999999992, 47.925999999999995, 79.731, 75.30499999999999]}