{"flower_leaf": [60.96900000000003, 68.05499999999999, 50.571999999999996, 64.05100000000003, 83.34500000000001, 108.54800000000007, 145.88700000000023, 66.37600000000003, 44.43100000000002, 49.06300000000002, 48.78700000000001, 51.42200000000003, 70.45199999999994, 99.45599999999989, 42.62000000000001, 53.51499999999998, 45.68899999999999, 41.86400000000001, 38.008, 95.31100000000009, 80.77499999999999, 42.24700000000001, 55.622, 39.99100000000001, 44.90600000000001, 51.83600000000001, 68.05699999999997, 78.34700000000004, 57.865, 43.00900000000001], "flower_cauliflower": [26.239999999999995, 25.844000000000005, 27.868000000000006, 23.878999999999994, 37.479000000000006, 26.725, 35.638, 28.295999999999992, 27.373, 27.65600000000001, 13.155999999999999, 18.935000000000002, 20.049, 30.581999999999994, 12.676999999999998, 12.524999999999999, 15.791000000000004, 6.018000000000002, 8.768, 14.406, 19.738999999999997, 9.755999999999998, 9.495000000000001, 12.559, 10.217000000000002, 17.510999999999996, 23.114999999999995, 21.816999999999993, 9.181999999999999, 25.736999999999995], "water_root": [44.315999999999995, 39.893, 39.940999999999995, 42.36599999999999, 58.695999999999984, 63.927, 64.62199999999999, 58.81100000000003, 43.617000000000004, 49.851000000000006, 35.90300000000001, 50.69600000000001, 55.708, 53.00099999999998, 28.879000000000005, 19.63, 34.260000000000005, 21.426, 28.706, 54.14700000000001, 47.590999999999994, 32.75, 31.403, 33.315000000000005, 30.29900000000001, 41.234000000000016, 58.67999999999998, 49.545999999999964, 29.920000000000005, 30.368999999999996], "eggplant": [10.293000000000003, 13.550999999999998, 5.176, 12.227, 6.523999999999999, 9.658000000000001, 14.184999999999995, 10.662, 3.419, 3.0439999999999996, 3.602, 10.337000000000002, 10.383, 14.612000000000002, 7.194000000000001, 2.8339999999999996, 7.202999999999999, 3.246, 6.776000000000001, 9.051, 17.99, 9.175, 5.163, 9.216999999999999, 5.166, 6.0600000000000005, 11.622000000000003, 9.694000000000003, 5.796000000000001, 7.102999999999999], "pepper": [23.438999999999997, 25.556000000000004, 25.358999999999998, 24.240999999999996, 37.12299999999999, 35.492999999999995, 46.669000000000004, 24.775, 23.62599999999999, 28.64200000000001, 22.691999999999997, 25.18200000000001, 28.79199999999999, 39.41200000000003, 29.576999999999995, 27.575, 23.354999999999997, 16.566000000000006, 19.49, 33.727000000000004, 30.259999999999998, 22.03600000000001, 18.00400000000001, 21.680000000000007, 20.413, 14.855000000000002, 37.346999999999994, 25.14900000000001, 19.811999999999998, 32.47200000000001], "mushroom": [40.999, 49.66699999999999, 82.95700000000004, 61.12200000000004, 104.6079999999999, 128.9930000000001, 155.02900000000005, 58.55799999999999, 52.288000000000004, 48.09599999999999, 47.256, 55.136, 57.320999999999984, 71.07199999999999, 36.290000000000006, 35.930000000000014, 43.70399999999999, 35.182, 35.174000000000014, 73.711, 102.367, 24.415999999999997, 24.705000000000002, 22.259000000000004, 17.266, 23.644000000000005, 43.64600000000001, 56.96, 20.934, 30.467000000000002]}