{"flower_leaf": [251.27100000000004, 283.1149999999999, 264.8249999999997, 313.26900000000006, 245.9439999999998, 189.75599999999986, 232.08899999999988, 265.7749999999999, 234.3439999999999, 193.18899999999985, 225.44999999999982, 275.87599999999975, 274.0799999999997, 281.13, 297.4989999999998, 190.57299999999984, 183.216, 185.5899999999999, 183.24499999999998, 195.1160000000001, 241.9559999999997, 281.15599999999995, 178.3739999999999, 168.01200000000003, 145.21599999999987, 255.50499999999977, 259.05300000000017, 244.91499999999994, 229.08199999999985, 178.5870000000002, 165.82100000000003], "flower_cauliflower": [66.798, 24.162, 20.641, 14.278, 26.637999999999995, 28.948000000000004, 40.41599999999999, 50.406000000000006, 56.60699999999998, 11.233, 1.054, 12.869999999999996, 3.504, 16.528, 8.103, 6.045, 9.498000000000001, 8.645, 8.906, 47.273999999999994, 34.90000000000001, 1.546, 4.5089999999999995, 9.207, 2.219, 5.452, 19.568, 35.502, 56.181000000000004, 48.287000000000006, 42.879000000000005], "water_root": [36.228000000000016, 22.942999999999998, 27.548999999999992, 22.617, 14.855999999999998, 22.376, 28.627000000000006, 24.272999999999996, 19.711000000000006, 24.532000000000004, 20.738000000000003, 28.53600000000001, 37.72200000000001, 27.112000000000002, 49.471, 50.53300000000001, 56.14499999999999, 54.55, 28.56900000000001, 27.289999999999996, 37.692, 51.312999999999995, 38.788000000000004, 31.616000000000003, 35.36299999999999, 63.12599999999999, 56.396, 49.57400000000001, 55.37499999999998, 40.952999999999975, 31.334999999999997], "eggplant": [20.535999999999998, 35.57699999999999, 48.44400000000002, 33.147, 29.119999999999994, 20.331, 23.784, 32.19199999999999, 31.014999999999986, 22.360999999999994, 25.756999999999998, 37.175000000000004, 49.07899999999998, 35.08999999999999, 31.245000000000005, 24.663, 28.565000000000005, 25.034999999999997, 31.478, 25.752000000000006, 33.88699999999999, 21.860999999999994, 29.713, 22.695000000000004, 27.139, 34.84200000000001, 33.381, 34.07799999999998, 39.91700000000001, 41.20800000000001, 39.432000000000016], "pepper": [76.32399999999994, 79.12899999999999, 55.90100000000001, 89.04000000000009, 65.06899999999999, 51.04800000000001, 69.38200000000003, 54.566999999999986, 61.456999999999965, 66.97100000000005, 61.666, 83.79300000000003, 88.14700000000002, 96.49100000000004, 78.0970000000001, 52.116000000000064, 59.86000000000004, 54.41000000000004, 50.988, 47.07499999999999, 67.62899999999998, 94.44700000000003, 15.773000000000003, 53.890999999999984, 53.90299999999999, 61.123999999999995, 64.04499999999996, 75.85000000000002, 81.32500000000002, 65.327, 66.341], "mushroom": [42.98400000000002, 57.648000000000025, 42.28399999999997, 50.02800000000002, 58.35500000000002, 51.397, 53.974, 57.35100000000002, 41.98700000000001, 39.23, 44.24399999999999, 52.211, 57.870999999999995, 74.36300000000007, 61.545, 41.09100000000001, 57.879000000000026, 38.636, 35.688, 42.358, 70.57500000000003, 60.82200000000005, 40.53000000000002, 43.36500000000001, 34.176999999999985, 49.74699999999999, 61.288000000000046, 61.49299999999998, 65.999, 47.98899999999999, 42.53099999999999]}