{"flower_leaf": [177.64199999999977, 161.36399999999975, 149.21900000000005, 221.3529999999999, 238.55199999999968, 191.93600000000018, 163.31599999999986, 161.268, 120.9890000000001, 133.882, 257.4300000000002, 275.53199999999964, 152.695, 163.29100000000008, 150.32699999999994, 97.45800000000001, 128.34799999999996, 134.22, 216.22999999999988, 224.18600000000015, 239.505, 137.03900000000021, 107.28999999999996, 104.37500000000001, 185.57400000000007, 148.806, 96.875, 104.00999999999995, 113.13500000000008, 106.12300000000003], "flower_cauliflower": [8.003, 27.869, 24.967000000000002, 32.878, 51.129000000000005, 34.75099999999999, 23.172, 15.183000000000002, 14.254999999999997, 24.651, 18.060000000000002, 32.063, 11.356, 10.777, 12.702, 9.283000000000001, 13.162999999999998, 35.324999999999996, 51.647000000000034, 69.54199999999999, 56.3, 38.956, 27.236, 8.431, 46.05800000000001, 2.299, 4.863, 12.669000000000002, 23.336000000000006, 34.51100000000002], "water_root": [47.448999999999984, 45.63800000000001, 54.83399999999998, 66.40899999999998, 58.946, 33.471000000000004, 34.142, 38.57100000000001, 39.02799999999999, 43.851, 67.53200000000001, 57.20799999999998, 29.93699999999999, 41.43100000000002, 32.841, 35.965, 31.275999999999996, 34.827000000000005, 93.77000000000004, 94.88200000000002, 93.25600000000004, 29.818000000000005, 19.216, 32.31400000000001, 43.443999999999996, 48.230000000000004, 42.395, 33.69699999999999, 39.562999999999995, 38.451], "eggplant": [27.263999999999996, 24.511000000000006, 20.685, 26.822999999999997, 30.823000000000008, 20.716, 19.175, 16.319999999999997, 12.803999999999998, 13.491, 26.025999999999996, 34.906, 26.428, 24.41100000000001, 20.886999999999997, 28.807999999999996, 22.689, 25.935000000000002, 46.83499999999999, 40.86899999999999, 32.084, 31.009, 22.845000000000006, 15.309999999999995, 35.554, 28.750000000000004, 11.333, 19.696000000000005, 14.816, 18.756999999999998], "pepper": [44.768999999999984, 44.128000000000014, 42.436000000000014, 90.71200000000009, 63.28499999999996, 42.718000000000025, 45.236000000000026, 36.083000000000006, 39.956999999999994, 36.978000000000016, 53.88, 52.388999999999996, 46.01399999999999, 34.59799999999999, 33.652999999999984, 33.705999999999996, 30.377999999999997, 44.636, 75.51099999999998, 88.257, 100.20000000000009, 50.36, 45.190000000000005, 39.93600000000002, 76.729, 46.272, 32.674, 34.77700000000001, 50.47399999999999, 37.58899999999997], "mushroom": [61.883, 40.49399999999999, 46.245999999999995, 78.63900000000001, 74.85700000000004, 37.74400000000001, 44.437999999999995, 42.22700000000002, 41.431999999999995, 35.58200000000001, 62.39400000000001, 57.278000000000006, 31.415000000000003, 35.18500000000001, 35.282000000000004, 38.913, 33.65099999999999, 41.64499999999999, 112.9170000000001, 92.06700000000002, 80.69699999999997, 36.94800000000001, 33.308000000000014, 40.365, 38.452000000000005, 27.191999999999993, 12.761999999999999, 21.671000000000006, 15.119000000000002, 22.233999999999995]}