{"flower_leaf": [148.5970000000002, 133.58600000000013, 197.92500000000004, 197.32200000000012, 176.27599999999995, 173.86400000000012, 149.51400000000015, 143.49100000000013, 114.96600000000004, 176.06499999999977, 212.95699999999994, 140.30499999999998, 149.77199999999996, 163.86299999999991, 141.75000000000006, 236.05500000000012, 223.65500000000003, 234.02800000000005, 174.8269999999999, 152.3620000000001, 152.6529999999999, 154.6249999999999, 150.63599999999988, 206.92300000000003, 248.50199999999992, 155.36500000000007, 189.082, 205.80299999999994, 193.61300000000003, 214.15500000000006, 255.97199999999992], "flower_cauliflower": [33.72, 24.971999999999998, 48.497000000000014, 45.678999999999995, 66.35499999999999, 44.90099999999999, 40.488, 61.36099999999998, 28.475999999999992, 70.58999999999997, 75.63400000000003, 24.479999999999997, 47.258, 50.127, 27.631999999999998, 39.07399999999999, 79.35300000000001, 60.81, 34.935, 46.46100000000001, 52.98300000000002, 34.223000000000006, 38.508999999999986, 50.32300000000001, 60.22899999999998, 25.066000000000003, 53.678, 58.30300000000001, 31.375999999999998, 43.631, 47.858999999999966], "water_root": [8.512, 10.79, 29.657000000000004, 24.214000000000002, 14.947, 7.861000000000001, 8.404, 12.209, 4.507, 14.838, 14.098999999999998, 7.558999999999999, 7.123000000000002, 14.181999999999995, 5.780000000000001, 23.636, 27.115, 30.137999999999995, 15.754000000000001, 12.512000000000004, 18.057000000000002, 17.842999999999996, 13.843999999999998, 32.222, 24.133999999999997, 16.444, 33.891, 32.418000000000006, 17.107, 20.719999999999995, 23.282000000000007], "eggplant": [26.278000000000002, 28.564999999999998, 47.28500000000002, 39.241, 49.588000000000015, 49.00499999999998, 31.752000000000002, 33.078, 22.810000000000002, 49.929000000000016, 40.365, 24.025, 28.125000000000007, 20.281, 17.221000000000004, 53.38000000000002, 29.918, 31.604000000000006, 19.985999999999994, 19.323999999999998, 22.554, 26.635999999999985, 19.099999999999998, 37.029, 29.736000000000004, 16.386, 20.927000000000007, 15.550999999999995, 59.52200000000001, 33.845, 24.53600000000001], "pepper": [54.567000000000014, 51.785000000000004, 73.55199999999999, 57.58300000000001, 53.877, 46.553000000000004, 38.244000000000035, 44.995, 34.61200000000002, 52.77099999999999, 39.19499999999998, 42.472, 24.628999999999998, 51.339, 48.95700000000003, 57.94800000000002, 60.20400000000002, 67.13400000000004, 40.14600000000003, 40.88600000000002, 58.081000000000046, 56.81500000000004, 45.060000000000045, 82.89299999999996, 72.38499999999998, 47.92799999999999, 54.649, 63.48500000000002, 33.37700000000001, 50.32100000000001, 57.01499999999999], "mushroom": [32.650000000000006, 34.24700000000001, 66.84900000000002, 44.46600000000001, 40.49100000000001, 36.365000000000016, 26.099000000000007, 34.071, 26.496, 41.07699999999998, 38.382000000000005, 24.080000000000002, 18.590000000000003, 43.511999999999986, 29.007999999999996, 47.64400000000001, 46.11499999999999, 43.16600000000002, 40.62900000000001, 27.025, 35.828, 31.030999999999995, 28.609999999999992, 35.03799999999999, 36.532, 30.860999999999997, 29.007999999999992, 35.804999999999986, 26.279999999999987, 28.865000000000002, 44.567]}