{"flower_leaf": [181.62100000000004, 193.79100000000005, 223.10200000000015, 197.83200000000002, 194.29200000000006, 212.8170000000001, 193.77800000000008, 234.405, 282.55799999999994, 499.8479999999994, 243.4849999999998, 195.73999999999992, 300.13, 253.69599999999977, 180.05199999999996, 227.33600000000018, 184.169, 175.26199999999992, 144.85499999999988, 139.49099999999996, 136.05000000000004, 190.15800000000004, 156.61300000000003, 276.3219999999995, 218.04000000000008, 305.64699999999993], "flower_cauliflower": [25.144000000000005, 41.32799999999999, 84.61500000000002, 69.98300000000006, 58.16900000000004, 75.49699999999999, 53.681999999999995, 122.21500000000005, 139.0560000000001, 167.0550000000001, 22.759, 16.607, 41.12299999999999, 40.49299999999999, 33.58899999999999, 56.001000000000005, 47.196999999999996, 39.44500000000001, 35.24799999999999, 30.813, 24.456000000000003, 37.41000000000002, 39.885, 70.06400000000004, 74.704, 54.38199999999995], "water_root": [50.34, 47.322999999999986, 36.09100000000001, 61.39999999999999, 56.38999999999999, 55.47199999999999, 101.52700000000002, 124.54999999999995, 211.43099999999995, 296.792, 50.0, 65.073, 68.394, 67.81900000000002, 53.631999999999984, 62.32699999999999, 73.04399999999997, 60.612, 38.55400000000001, 40.44400000000002, 44.083999999999996, 54.382000000000026, 74.02700000000003, 72.50800000000001, 45.650999999999996, 49.705], "eggplant": [13.664, 24.133000000000003, 14.938000000000002, 27.716, 25.906000000000002, 39.051, 43.63500000000002, 58.32600000000003, 87.91199999999999, 118.93099999999995, 28.96699999999999, 25.059999999999995, 39.65500000000001, 31.64699999999999, 30.358000000000004, 18.170000000000005, 13.769000000000002, 21.797999999999995, 33.80299999999999, 15.470000000000002, 25.429, 22.668000000000003, 34.618, 31.28600000000001, 22.579, 27.705], "pepper": [71.64000000000003, 92.145, 79.05300000000001, 96.19399999999995, 124.44799999999987, 194.84199999999987, 159.90399999999977, 289.22700000000003, 423.69599999999997, 505.888000000001, 104.48499999999993, 116.81200000000001, 168.27199999999993, 151.64899999999997, 133.64599999999996, 105.69699999999997, 116.06999999999994, 119.3059999999999, 80.42300000000007, 72.83400000000006, 85.42500000000001, 60.043000000000006, 100.11800000000008, 135.77699999999996, 122.32200000000009, 114.67699999999999], "mushroom": [69.564, 88.04799999999996, 91.56399999999995, 111.06900000000002, 95.222, 119.69600000000003, 147.81200000000007, 240.20500000000007, 326.9929999999999, 511.1360000000001, 74.51900000000002, 164.586, 210.74500000000006, 174.61000000000004, 144.79299999999992, 130.174, 92.327, 88.79400000000005, 79.40299999999999, 66.55399999999997, 77.586, 88.23299999999998, 110.55700000000003, 159.09500000000003, 116.81399999999998, 111.76399999999995]}