{"flower_leaf": [224.79699999999985, 212.91099999999986, 224.87999999999982, 177.80099999999996, 154.65400000000002, 176.8239999999999, 161.62799999999996, 234.46199999999993, 233.42700000000008, 250.64499999999992, 182.2039999999998, 173.44899999999987, 172.10099999999997, 148.94699999999997, 171.21300000000016, 252.82499999999985, 228.99100000000013, 167.11899999999994, 216.05499999999998, 197.82400000000007, 219.93000000000004, 218.13600000000022, 214.81500000000028, 350.3419999999998, 224.14899999999992, 215.6429999999998, 208.029, 160.38400000000004, 151.962, 236.77699999999996, 249.26899999999983], "flower_cauliflower": [55.985, 31.832999999999988, 50.089999999999996, 24.727999999999998, 49.04899999999999, 51.71100000000002, 42.42700000000001, 29.702999999999992, 47.18800000000004, 57.69599999999999, 28.86200000000001, 18.847, 25.300999999999995, 34.11900000000001, 30.978999999999992, 45.80700000000002, 45.210000000000015, 33.169999999999995, 33.818, 33.62700000000001, 27.552999999999994, 32.63600000000001, 48.217999999999996, 56.08600000000003, 34.55400000000002, 36.85700000000001, 50.98599999999999, 47.788000000000004, 56.58799999999999, 63.124, 37.907], "water_root": [91.56899999999997, 102.21399999999997, 76.505, 68.24799999999999, 89.14399999999999, 49.852, 54.723, 53.903999999999996, 90.49, 79.56300000000002, 47.91099999999999, 55.59499999999999, 40.61599999999999, 43.510000000000005, 51.42799999999999, 82.62400000000001, 67.482, 48.09500000000001, 42.265000000000015, 44.54600000000001, 48.089, 48.728000000000016, 66.893, 88.664, 86.89200000000002, 59.222, 50.07499999999999, 58.17999999999997, 48.372000000000014, 39.937999999999995, 47.573], "eggplant": [18.037, 18.302, 13.385, 9.866999999999999, 14.439, 13.689, 12.560000000000002, 12.049, 17.964999999999996, 23.755000000000006, 15.841000000000001, 6.304, 0, 18.642999999999997, 14.644, 20.108999999999998, 24.612999999999992, 10.266, 9.303999999999998, 19.321, 23.410999999999998, 12.333, 20.333, 23.807, 20.040999999999997, 16.078, 11.937, 17.792, 15.072000000000001, 23.084000000000007, 24.61], "pepper": [67.73300000000002, 61.50199999999999, 73.79700000000001, 58.50500000000004, 37.55600000000002, 44.528000000000006, 50.18299999999999, 37.342, 78.49800000000002, 68.36499999999997, 46.76799999999999, 35.595, 37.06500000000001, 39.296, 39.211000000000006, 76.17399999999998, 74.5340000000001, 48.166000000000004, 50.82699999999999, 51.05799999999999, 57.724000000000004, 54.45000000000001, 87.038, 99.11499999999995, 68.68099999999995, 57.95400000000001, 105.09400000000004, 70.07499999999999, 66.02899999999997, 91.796, 84.45100000000005], "mushroom": [136.33799999999994, 115.29599999999996, 103.87099999999997, 95.49899999999998, 83.70499999999998, 81.46200000000002, 96.00199999999991, 90.41500000000003, 129.83300000000003, 137.98599999999996, 81.66999999999997, 73.28299999999997, 76.68399999999998, 75.96299999999998, 101.38300000000001, 150.0149999999999, 141.49200000000005, 72.53199999999997, 74.43100000000001, 90.13099999999999, 63.013000000000034, 88.79600000000005, 117.52099999999993, 127.93399999999997, 79.11599999999997, 101.36199999999997, 108.756, 80.92700000000002, 69.32399999999997, 94.90400000000002, 104.05400000000003]}