{"flower_leaf": [241.70900000000026, 182.98399999999998, 186.0079999999998, 145.28099999999998, 211.18500000000012, 288.81699999999995, 257.8090000000002, 211.74600000000018, 170.907, 119.59900000000003, 158.357, 152.43999999999997, 169.055, 176.03199999999984, 90.812, 100.12099999999997, 107.65299999999993, 128.05799999999996, 140.89300000000006, 267.9790000000003, 199.71200000000007, 115.02199999999998, 134.70600000000013, 103.50499999999992, 86.63200000000003, 167.32700000000008, 199.7270000000001, 161.16400000000007, 111.30800000000013, 130.803, 143.29399999999998], "flower_cauliflower": [28.579000000000008, 40.610000000000014, 22.010000000000005, 18.951999999999998, 41.95499999999999, 64.332, 84.586, 45.650000000000006, 34.07300000000001, 25.101, 30.749000000000002, 31.282, 43.01700000000001, 41.13, 28.603, 19.79199999999999, 29.326000000000008, 29.081, 42.901999999999994, 34.377, 51.413, 30.625000000000004, 28.634, 27.331, 25.173999999999996, 48.956, 51.80499999999999, 50.11899999999998, 60.434, 26.924000000000003, 28.74], "water_root": [29.048000000000002, 46.406, 20.757000000000005, 28.177000000000003, 35.138000000000005, 61.735, 36.888999999999996, 26.92099999999999, 42.608, 24.890999999999995, 31.801000000000002, 21.763999999999996, 47.086000000000006, 30.294999999999998, 22.597000000000005, 19.772, 19.493, 20.852000000000004, 39.292, 39.983999999999995, 41.70499999999999, 10.113, 13.349, 14.013, 15.827, 40.17799999999999, 43.19100000000001, 30.709999999999994, 15.5, 14.905, 19.502999999999997], "eggplant": [27.232, 16.540999999999997, 23.653999999999996, 20.343999999999998, 22.986, 38.176000000000016, 26.748000000000005, 19.81499999999999, 20.837999999999997, 14.35, 16.370000000000005, 23.836, 26.434000000000005, 17.720999999999997, 13.657999999999998, 13.576999999999996, 19.313000000000002, 11.866, 16.235000000000003, 21.477000000000004, 17.949, 11.561, 19.311999999999998, 15.113, 14.621, 21.31300000000001, 26.11099999999999, 19.627999999999997, 16.139, 21.407000000000004, 21.648999999999997], "pepper": [97.06800000000007, 83.363, 80.74899999999998, 93.07600000000005, 101.49800000000009, 167.58300000000028, 122.5680000000001, 80.39900000000002, 66.89499999999998, 59.54799999999999, 57.35699999999999, 102.13100000000007, 104.089, 117.0890000000001, 85.65600000000008, 72.12599999999998, 83.75500000000001, 73.73300000000003, 67.50900000000006, 117.89000000000026, 112.17600000000009, 70.68900000000001, 66.93100000000003, 42.484000000000016, 50.79799999999999, 60.93700000000003, 78.79399999999998, 78.41, 62.154000000000025, 57.850999999999985, 59.255], "mushroom": [79.40400000000001, 62.044, 71.02699999999996, 72.46500000000003, 82.585, 151.21400000000008, 125.42800000000004, 78.721, 143.51100000000002, 91.99399999999997, 75.47700000000003, 84.232, 101.86499999999997, 75.95000000000002, 40.423, 44.844, 44.02900000000001, 65.501, 69.14099999999999, 77.23500000000003, 94.83799999999998, 50.80200000000002, 48.17400000000001, 35.58299999999999, 46.88999999999997, 83.56200000000003, 69.658, 55.672999999999995, 47.32700000000001, 32.14499999999999, 45.089000000000006]}