{"flower_leaf": [147.27499999999995, 115.46800000000002, 88.19300000000004, 105.76900000000002, 90.65200000000004, 95.683, 113.89600000000013, 116.519, 91.67999999999999, 95.42000000000002, 86.21300000000002, 79.61900000000003, 102.98, 159.40400000000008, 156.70499999999996, 82.78000000000002, 67.12, 92.72400000000002, 92.35600000000007, 90.64700000000006, 154.65500000000003, 164.26899999999998, 92.6540000000001, 122.4030000000001, 84.78700000000005, 88.36100000000003, 86.55399999999999, 188.82899999999995, 178.5159999999999, 92.5120000000001, 87.82700000000008], "flower_cauliflower": [23.295000000000005, 13.734000000000005, 27.601000000000003, 26.182, 18.790000000000003, 20.488, 23.375, 42.607000000000006, 29.087000000000003, 22.637999999999998, 19.261000000000003, 24.589999999999996, 21.993, 48.521, 43.781, 23.633, 15.163, 20.24, 17.603000000000005, 13.908000000000001, 26.494000000000003, 23.847, 15.361000000000002, 27.639999999999997, 19.562, 25.011, 18.567999999999998, 35.114000000000004, 42.40300000000001, 24.335999999999995, 15.853999999999996], "water_root": [10.863, 8.503, 2.868, 6.397999999999999, 1.193, 3.4200000000000004, 4.66, 4.476000000000001, 3.5380000000000003, 5.181, 2.043, 5.134, 2.792, 11.341000000000001, 6.072, 4.6370000000000005, 1.853, 0.9259999999999999, 3.4250000000000007, 3.5750000000000006, 4.691, 4.884999999999999, 4.436999999999999, 3.3609999999999998, 4.619, 4.438000000000001, 8.857999999999999, 8.906, 7.4399999999999995, 6.684000000000001, 6.6110000000000015], "eggplant": [36.605999999999995, 47.127, 42.37799999999999, 44.495000000000005, 26.050000000000008, 32.15000000000001, 34.564, 33.433, 34.86599999999999, 13.224000000000002, 15.418999999999997, 22.173, 45.528, 51.014, 43.62699999999998, 19.412, 23.193999999999992, 21.794000000000008, 21.799, 22.675000000000008, 43.426, 29.840999999999994, 26.000000000000004, 29.285000000000007, 22.56300000000001, 29.903, 27.341, 54.44700000000001, 55.666000000000004, 25.617999999999988, 18.110000000000003], "pepper": [65.84100000000005, 57.46399999999999, 67.71100000000004, 51.19400000000002, 32.25200000000001, 56.61200000000002, 86.21200000000002, 86.55399999999997, 55.773, 59.29400000000001, 42.634999999999984, 37.193, 58.38600000000001, 79.24200000000005, 63.75100000000001, 41.681, 41.52000000000001, 40.71399999999997, 31.66599999999999, 37.853, 45.84700000000001, 40.38500000000001, 35.071999999999996, 32.072, 31.822999999999997, 39.18799999999999, 31.927000000000007, 55.567999999999984, 62.52099999999995, 31.08099999999997, 38.35599999999999], "mushroom": [33.083000000000006, 42.191, 18.375, 27.070999999999998, 16.992, 19.454, 34.837, 35.06699999999999, 34.581, 9.417, 20.870000000000005, 21.924999999999997, 26.1, 26.770000000000003, 34.510000000000005, 18.527, 12.788999999999998, 20.598, 13.195, 14.719000000000003, 43.48399999999999, 23.398000000000003, 4.637000000000001, 14.041000000000002, 18.698, 21.185, 19.308, 46.82700000000001, 33.517, 16.585, 39.474000000000004]}