{"flower_leaf": [96.78599999999996, 83.97300000000001, 190.42099999999988, 162.06399999999988, 102.67699999999996, 96.371, 127.79499999999999, 122.883, 173.21, 293.67699999999985, 312.03200000000027, 180.62600000000006, 165.843, 205.406, 232.97500000000002, 367.52300000000014, 1265.4729999999993, 146.03399999999993, 821.168, 173.192, 247.57200000000003, 260.61799999999994, 228.79600000000008, 352.51099999999974, 40.471000000000004, 40.861999999999995, 31.298000000000002], "flower_cauliflower": [39.60300000000002, 63.801000000000016, 73.53699999999999, 75.88800000000002, 47.225, 41.11700000000001, 35.220000000000006, 39.75600000000001, 45.043000000000006, 56.45499999999999, 50.63899999999999, 38.30300000000001, 38.94400000000001, 18.714000000000002, 38.75200000000001, 68.424, 122.16100000000002, 97.96899999999994, 132.21199999999996, 36.972000000000016, 31.840000000000018, 31.131000000000014, 46.43500000000002, 47.40800000000001, 3.1919999999999997, 10.708, 7.6240000000000006], "water_root": [29.485000000000003, 13.926, 74.21600000000001, 60.306000000000004, 22.798999999999996, 31.054, 21.313, 17.045999999999996, 40.36299999999999, 73.35799999999999, 54.616, 27.893, 31.82, 17.224, 40.678999999999995, 59.900999999999996, 183.30700000000002, 65.05699999999999, 264.6569999999999, 30.540999999999997, 50.24, 29.737999999999992, 62.003000000000014, 37.043, 3.165, 1.8090000000000002, 9.193999999999999], "eggplant": [3.3049999999999997, 4.012, 9.816, 4.647, 3.2560000000000002, 3.8600000000000003, 2.8710000000000004, 6.896999999999999, 7.801, 10.572, 7.366, 5.605, 7.266, 2.568, 8.038, 17.923, 35.94799999999998, 0.252, 55.692000000000014, 4.816, 8.243, 8.455, 16.927, 9.863999999999999, 4.145999999999999, 1.04, 1.778], "pepper": [101.96299999999997, 129.24900000000002, 158.36200000000002, 135.24499999999998, 108.16900000000003, 77.12200000000003, 75.30699999999999, 88.30300000000003, 130.229, 204.11899999999991, 188.27399999999986, 104.64699999999995, 93.884, 105.80699999999999, 104.35599999999998, 212.6540000000002, 436.0609999999995, 197.3339999999999, 352.4219999999989, 82.21900000000002, 98.441, 105.612, 103.30400000000002, 89.27600000000001, 17.031, 13.451, 6.066], "mushroom": [96.65899999999998, 120.85500000000003, 176.84300000000002, 165.48199999999994, 85.99999999999999, 82.08699999999997, 68.90100000000001, 74.627, 163.55200000000005, 257.066, 206.76200000000006, 99.07400000000004, 102.92, 92.69500000000002, 90.17999999999999, 153.08700000000002, 440.92999999999984, 156.828, 343.0199999999999, 36.48899999999999, 68.56199999999998, 43.26200000000001, 32.969, 57.284, 8.596, 3.012, 8.283]}