{"flower_leaf": [149.7190000000001, 195.29499999999987, 188.67200000000008, 116.605, 133.21000000000006, 164.4609999999999, 134.044, 129.05000000000007, 173.97100000000026, 186.91599999999997, 133.262, 129.27100000000013, 150.03399999999988, 131.9649999999999, 118.42500000000001, 175.92500000000007, 190.24900000000002, 132.0529999999999, 134.05999999999992, 160.9450000000001, 140.65600000000003, 119.44899999999998, 163.238, 187.59499999999986, 128.30499999999995, 161.551, 131.63299999999995, 170.77099999999987, 331.236, 343.1569999999999, 320.9979999999997], "flower_cauliflower": [28.897000000000002, 55.85100000000002, 47.94399999999999, 27.955000000000005, 42.64000000000001, 31.185999999999996, 50.96200000000002, 48.355999999999995, 44.53499999999997, 67.45700000000001, 24.263999999999996, 64.57900000000002, 46.435, 34.033, 30.180000000000007, 59.71400000000001, 53.70499999999998, 43.190000000000005, 33.363, 43.777000000000015, 38.147, 33.655, 45.47000000000001, 45.96000000000001, 79.56500000000005, 73.96999999999996, 67.503, 60.76000000000002, 64.22500000000002, 61.873000000000026, 49.207000000000015], "water_root": [15.086, 28.667, 63.873, 20.218999999999998, 34.507999999999996, 39.01800000000001, 43.06600000000002, 32.712999999999994, 44.591, 35.703, 43.103, 29.78, 31.995, 12.376000000000003, 43.240999999999985, 107.27199999999999, 131.3, 57.442000000000014, 90.19000000000003, 89.35499999999999, 75.92000000000002, 44.43, 67.39500000000001, 112.09099999999997, 90.633, 68.86300000000001, 71.08699999999999, 70.756, 66.92500000000001, 71.29300000000002, 131.591], "eggplant": [17.165, 27.47500000000001, 42.36799999999998, 17.802, 17.523999999999994, 9.038, 14.601999999999999, 7.971000000000001, 26.107000000000003, 21.79699999999999, 30.140999999999995, 19.218000000000007, 12.755, 14.374000000000004, 11.364, 18.430999999999997, 21.933999999999997, 11.581999999999999, 20.509, 17.192, 18.295999999999996, 16.449, 20.601, 10.549, 17.972, 18.262, 14.402000000000001, 22.580000000000005, 15.615999999999996, 13.837, 19.874999999999996], "pepper": [25.326, 55.99899999999999, 58.67000000000002, 47.45800000000004, 49.72800000000001, 51.11899999999998, 39.873999999999995, 42.7, 73.12400000000002, 85.66900000000003, 57.658999999999985, 49.014000000000024, 57.84100000000001, 52.446000000000005, 60.49700000000002, 73.23500000000006, 63.42100000000002, 50.507000000000005, 49.965999999999994, 88.65599999999999, 130.268, 91.71899999999998, 128.4050000000001, 55.956999999999994, 66.762, 98.29, 108.89099999999998, 116.81000000000003, 120.741, 141.66400000000002, 142.90600000000006], "mushroom": [50.953, 45.70399999999999, 42.18, 36.687999999999995, 50.36699999999999, 32.22599999999999, 29.188999999999993, 49.425000000000004, 55.62899999999999, 80.418, 55.108000000000004, 27.869000000000007, 63.60299999999996, 44.709, 66.136, 89.471, 73.671, 52.193000000000005, 44.352, 37.087999999999994, 43.486, 60.67799999999999, 101.74299999999997, 67.63999999999997, 66.315, 59.464999999999996, 58.869000000000014, 69.521, 52.634000000000015, 86.45599999999999, 98.21900000000001]}