{"flower_leaf": [304.39899999999994, 270.79800000000006, 337.105, 354.40399999999994, 329.4229999999998, 355.128, 316.06900000000013, 302.0770000000001, 322.4319999999999, 288.2139999999998, 313.9189999999999, 326.8209999999999, 478.9949999999996, 394.71500000000003, 347.3669999999999, 368.8610000000001, 358.863, 424.2619999999999, 399.42599999999953, 429.043, 432.67499999999984, 303.20000000000005, 258.56000000000006, 233.76700000000002, 243.78599999999994, 250.9410000000003, 357.7050000000002, 252.24399999999986, 297.05, 236.72700000000003, 242.40900000000002], "flower_cauliflower": [82.28199999999995, 80.49299999999998, 68.43600000000002, 65.15400000000005, 72.79900000000004, 96.079, 86.98199999999997, 76.689, 75.30300000000007, 70.518, 73.029, 74.91, 102.59600000000007, 120.90700000000005, 85.39800000000002, 81.22000000000001, 87.67200000000005, 121.72500000000004, 186.15500000000011, 123.12400000000001, 82.19800000000001, 45.204, 43.039, 46.96000000000001, 63.775999999999996, 48.085999999999984, 57.99799999999998, 88.50400000000003, 45.738000000000014, 66.73800000000001, 35.260999999999996], "water_root": [91.81300000000002, 28.384999999999994, 95.58900000000001, 64.17100000000002, 43.931000000000004, 106.72299999999997, 89.746, 86.53099999999999, 54.281000000000006, 89.973, 70.37700000000002, 79.93800000000002, 139.76100000000002, 97.04400000000003, 102.92499999999995, 69.88100000000001, 104.09499999999998, 81.50299999999999, 144.45100000000005, 95.69800000000001, 87.97100000000002, 66.48799999999994, 86.20500000000001, 57.232, 51.218999999999994, 48.72, 104.45800000000003, 102.839, 59.77499999999999, 93.29300000000003, 28.993999999999996], "eggplant": [29.243000000000006, 14.100999999999999, 15.585000000000003, 17.149, 13.431999999999999, 15.461999999999996, 26.316, 18.528000000000006, 17.542, 17.255000000000003, 13.387000000000002, 15.139000000000003, 28.498, 32.986999999999995, 24.221999999999994, 18.14, 20.657999999999994, 26.979000000000006, 89.616, 18.641000000000002, 19.233, 14.329999999999998, 13.572000000000001, 14.230000000000002, 12.514000000000001, 11.488000000000001, 19.554, 25.879999999999985, 13.378000000000005, 7.934000000000001, 3.304], "pepper": [154.11300000000003, 122.28400000000002, 159.98700000000014, 152.64400000000003, 169.692, 183.48900000000006, 211.18399999999986, 138.495, 161.631, 168.92099999999996, 159.50700000000003, 166.47299999999996, 223.38400000000004, 188.23399999999998, 120.99899999999998, 183.73800000000006, 146.131, 223.11700000000005, 334.7809999999999, 209.29099999999977, 219.05500000000004, 104.65300000000003, 111.09700000000002, 73.184, 110.13000000000001, 129.03000000000003, 154.26599999999996, 251.60899999999995, 116.07600000000002, 114.18800000000002, 61.62100000000002], "mushroom": [36.45100000000001, 57.275999999999996, 76.33199999999998, 81.52599999999998, 66.54299999999999, 91.92399999999994, 105.11299999999991, 87.266, 77.09999999999997, 39.034, 68.939, 60.39, 72.18999999999997, 87.76999999999994, 67.46799999999998, 71.40799999999997, 66.37600000000003, 84.21900000000001, 91.65499999999999, 70.64299999999997, 72.19100000000003, 47.20100000000003, 48.094, 59.05600000000003, 41.528000000000006, 73.82699999999998, 68.656, 71.95300000000002, 74.18199999999999, 33.987, 30.289999999999996]}