{"flower_leaf": [329.63500000000005, 287.81199999999995, 215.98399999999995, 171.91000000000005, 186.06899999999996, 202.912, 187.32399999999998, 219.37200000000013, 185.58499999999998, 200.19600000000008, 185.25399999999993, 202.7090000000001, 215.63500000000005, 447.9930000000002, 278.96799999999996, 216.17300000000003, 180.23200000000003, 281.89300000000003, 371.07399999999996, 594.071, 219.378, 291.3519999999998, 205.44700000000006, 245.07199999999986, 272.12499999999994, 283.135, 235.44299999999996, 229.6939999999998, 216.18000000000006, 202.8360000000001], "flower_cauliflower": [39.37999999999999, 36.172, 30.654, 27.842999999999996, 25.709000000000007, 27.047, 24.605999999999995, 34.43299999999999, 31.34100000000001, 15.291999999999998, 31.198999999999998, 27.907999999999994, 29.707999999999988, 55.134000000000015, 61.584, 46.516000000000005, 39.869, 58.399, 104.10099999999997, 138.14200000000005, 34.13399999999999, 66.01799999999997, 89.42099999999999, 114.337, 60.15000000000001, 69.28300000000002, 43.626000000000005, 40.248999999999995, 42.68600000000001, 37.502000000000024], "water_root": [92.50299999999996, 54.33399999999999, 50.81800000000002, 48.907999999999994, 32.70099999999999, 59.66999999999999, 53.523999999999994, 56.788, 39.95899999999999, 45.848000000000006, 44.88500000000001, 43.650000000000006, 31.759000000000007, 112.724, 92.61000000000003, 61.379000000000005, 86.31899999999996, 84.28000000000002, 157.12399999999997, 252.07399999999996, 39.08, 46.75600000000001, 84.83399999999999, 97.22899999999998, 72.92699999999999, 87.43399999999998, 63.873, 48.473000000000006, 52.38300000000001, 40.68299999999999], "eggplant": [7.926, 17.834, 3.6169999999999995, 3.929, 5.835, 6.648, 11.499, 15.154, 11.607, 9.913, 9.782, 9.159, 15.212999999999997, 31.542, 21.246, 21.066000000000003, 22.709999999999997, 41.45900000000001, 61.759000000000015, 75.97, 17.629000000000005, 31.043, 31.049999999999994, 37.56899999999999, 32.83500000000001, 31.74999999999999, 30.239999999999995, 15.298, 15.248, 13.519999999999996], "pepper": [174.4259999999999, 154.45100000000002, 128.13400000000001, 123.447, 108.64299999999999, 106.77399999999999, 112.31000000000003, 124.98300000000002, 89.474, 119.60200000000003, 126.12000000000002, 113.14999999999998, 137.76899999999998, 197.21699999999993, 154.04399999999995, 121.08100000000003, 117.13700000000001, 218.2669999999998, 350.2749999999999, 604.2310000000011, 91.23200000000006, 124.13999999999997, 181.95099999999974, 140.698, 226.70500000000013, 284.492, 246.343, 194.12099999999998, 153.832, 157.93400000000003], "mushroom": [159.04699999999997, 132.93400000000003, 86.599, 88.49499999999999, 101.31699999999998, 115.083, 108.03700000000005, 115.9, 100.36299999999997, 100.01700000000001, 88.97600000000003, 87.74199999999999, 123.264, 204.67899999999995, 178.94399999999996, 144.546, 166.40599999999998, 212.89900000000003, 384.35899999999975, 455.62700000000024, 91.90100000000001, 146.53799999999998, 48.51700000000001, 165.671, 204.90600000000003, 215.8109999999999, 163.23700000000002, 122.26200000000004, 113.826, 104.42600000000002]}