{"flower_leaf": [139.12499999999997, 131.001, 152.142, 163.91800000000006, 178.49099999999999, 107.01799999999999, 125.44899999999996, 119.80700000000002, 121.33600000000004, 131.92699999999996, 222.76200000000006, 195.97099999999992, 135.09399999999997, 140.076, 171.80900000000003, 190.911, 238.58000000000004, 289.07500000000016, 247.3660000000001, 195.663, 193.12399999999997, 170.72300000000007, 179.64800000000002, 202.72, 253.90299999999993, 264.04299999999995, 149.36099999999996, 145.97500000000002, 130.47500000000002, 179.79500000000002, 208.892], "flower_cauliflower": [23.979999999999993, 28.182000000000002, 34.91499999999999, 33.769000000000005, 47.699000000000005, 23.166000000000007, 31.210000000000008, 22.180000000000003, 22.244999999999994, 12.422999999999996, 15.802000000000003, 19.535999999999994, 10.596, 9.075999999999999, 9.683, 31.584, 48.093000000000025, 59.21699999999998, 49.39899999999998, 37.56599999999999, 35.803, 27.367999999999995, 29.488000000000003, 33.300999999999995, 28.458999999999996, 48.67500000000001, 20.459, 18.519000000000002, 26.460000000000004, 25.924999999999997, 34.604], "water_root": [15.748000000000001, 21.735000000000003, 29.054000000000002, 34.038000000000004, 31.386, 18.410999999999998, 19.541999999999998, 17.905999999999995, 22.284000000000002, 21.612000000000002, 38.49, 33.31400000000001, 18.418, 9.611999999999998, 17.683, 25.921, 46.065, 52.936, 41.768, 22.99, 12.097999999999999, 17.709, 25.454999999999995, 22.479000000000003, 40.775999999999996, 30.046999999999997, 15.436000000000002, 14.815999999999999, 23.049000000000003, 13.154000000000003, 22.161], "eggplant": [9.504, 7.5680000000000005, 13.904, 12.626999999999999, 15.741, 10.117, 8.469, 9.433999999999997, 7.7509999999999994, 14.024000000000001, 20.211, 18.27, 12.187999999999999, 11.758999999999999, 8.036999999999999, 11.892000000000001, 16.576, 29.56000000000001, 26.328, 9.431000000000001, 10.701999999999998, 12.133000000000003, 10.903, 18.402000000000005, 22.364000000000008, 20.143, 12.216, 15.485, 8.567000000000002, 14.654000000000002, 21.134000000000004], "pepper": [105.90599999999999, 114.10299999999997, 128.81799999999998, 142.30099999999996, 132.34399999999997, 96.609, 100.43700000000001, 105.09200000000001, 105.856, 150.25999999999996, 179.65699999999995, 157.361, 93.96699999999997, 104.06700000000001, 105.561, 102.21300000000002, 158.27999999999994, 186.57999999999996, 173.3389999999999, 119.28599999999997, 114.70000000000002, 125.08700000000002, 108.06700000000005, 153.26200000000003, 187.22099999999998, 179.458, 105.21100000000001, 92.39399999999998, 101.23699999999997, 86.212, 138.20399999999992], "mushroom": [73.717, 62.87, 90.38600000000001, 105.25, 84.30700000000003, 54.97900000000001, 71.95699999999997, 65.41000000000001, 44.888000000000005, 71.43300000000002, 116.77399999999993, 109.27199999999995, 55.527, 46.83499999999999, 81.886, 89.875, 136.726, 147.687, 125.11899999999997, 74.01100000000002, 80.88300000000001, 89.19100000000003, 70.78500000000001, 105.586, 112.197, 120.22300000000006, 74.574, 79.756, 86.11199999999998, 63.475999999999985, 104.74499999999999]}