{"flower_leaf": [136.98200000000008, 161.14199999999997, 222.08100000000005, 215.28500000000003, 145.142, 152.43900000000002, 135.73500000000007, 119.28700000000002, 140.02399999999997, 240.2350000000002, 213.90800000000007, 127.39899999999999, 140.865, 115.60500000000003, 118.41999999999999, 172.11000000000007, 244.334, 253.44699999999978, 128.70100000000002, 126.22800000000002, 126.263, 171.91900000000004, 178.71799999999996, 161.49500000000003, 108.89500000000002, 80.52400000000003, 127.27800000000006, 130.18200000000002, 135.09, 130.464], "flower_cauliflower": [19.364000000000004, 16.171999999999997, 33.24299999999998, 25.116999999999997, 22.569999999999997, 21.351, 11.835000000000004, 15.445999999999998, 13.684000000000001, 26.766000000000002, 25.472000000000005, 17.143, 10.189000000000004, 9.174999999999999, 9.804, 22.692, 26.791000000000004, 23.097999999999995, 12.362999999999998, 13.919, 16.697000000000003, 17.912, 9.279000000000002, 11.548000000000002, 10.681, 8.082999999999998, 14.272000000000002, 16.069000000000003, 24.367000000000004, 28.086999999999993], "water_root": [9.741, 11.987999999999998, 29.040999999999993, 21.046999999999997, 12.580000000000002, 14.408, 14.142000000000001, 9.254, 15.815999999999999, 19.118, 21.247, 10.350999999999999, 12.054, 7.284000000000001, 16.732999999999997, 15.490000000000004, 22.625999999999998, 23.373000000000005, 11.51, 11.657, 27.178, 38.76999999999999, 18.677, 16.054, 16.499999999999996, 10.383999999999997, 16.454, 14.946000000000003, 22.945, 19.419], "eggplant": [18.474999999999998, 22.501, 39.398999999999994, 34.741, 19.989, 19.081000000000003, 17.872999999999998, 24.509000000000004, 21.797999999999995, 38.11599999999999, 43.30300000000002, 23.086999999999993, 17.659000000000002, 28.360999999999994, 15.907999999999998, 24.133, 46.62800000000001, 54.55300000000001, 21.207, 21.592000000000002, 24.122999999999998, 33.86599999999999, 25.397999999999993, 28.36899999999999, 23.315, 21.223999999999997, 8.415, 15.651, 11.511, 24.529999999999998], "pepper": [67.85399999999998, 72.84700000000002, 123.66400000000006, 123.69799999999998, 74.89599999999997, 84.74499999999998, 66.121, 76.363, 74.29599999999998, 146.96799999999996, 119.68999999999997, 67.12000000000002, 84.89100000000002, 82.12700000000002, 63.623999999999995, 86.159, 169.193, 149.87700000000007, 77.049, 66.66599999999998, 91.365, 114.28799999999998, 88.34899999999996, 94.18699999999997, 69.65799999999999, 72.18499999999999, 67.11999999999998, 68.534, 89.113, 82.28599999999999], "mushroom": [44.867, 68.38500000000002, 94.54099999999998, 95.926, 49.192, 56.608, 44.44600000000001, 49.993, 55.464999999999996, 98.84400000000001, 79.626, 36.153999999999996, 54.23999999999999, 43.778000000000006, 34.885999999999996, 58.503, 93.35, 72.039, 43.293000000000006, 39.22299999999999, 63.364000000000004, 77.47600000000001, 55.416999999999994, 54.17999999999999, 35.271, 39.581999999999994, 38.708, 53.742, 48.31400000000001, 39.572]}