{"flower_leaf": [248.4149999999997, 244.124, 298.34099999999984, 232.77599999999998, 294.6230000000001, 286.95899999999995, 255.3779999999999, 252.72999999999996, 162.51800000000003, 175.1629999999999, 238.0809999999999, 170.21199999999993, 177.94499999999982, 182.95999999999992, 190.23799999999997, 170.76999999999995, 248.7619999999998, 226.73499999999999, 152.70899999999992, 186.07799999999997, 168.76499999999996, 117.23499999999996, 211.914, 282.10699999999974, 223.3970000000001, 157.37300000000002, 154.56599999999997, 167.5420000000001, 120.55099999999997, 148.24299999999997, 248.1020000000001], "flower_cauliflower": [93.92799999999997, 67.14500000000001, 44.493, 34.49100000000001, 92.27900000000001, 108.15700000000002, 56.266, 49.580000000000005, 55.845000000000034, 37.39300000000001, 60.47000000000002, 34.815, 47.321, 48.25900000000002, 59.624, 88.36100000000005, 109.31100000000004, 91.59699999999995, 57.41199999999999, 30.899000000000004, 40.555000000000014, 26.166, 23.854000000000003, 31.113, 43.11399999999998, 22.371000000000006, 23.305, 30.296999999999997, 24.901999999999997, 28.938999999999997, 82.70100000000001], "water_root": [55.355999999999995, 21.931000000000004, 18.496999999999996, 19.254, 79.75199999999997, 25.784, 52.907000000000004, 31.95200000000001, 51.47599999999999, 22.069999999999997, 57.22299999999999, 38.33300000000001, 50.51899999999999, 46.20699999999998, 42.162, 58.973000000000006, 87.11999999999998, 79.33800000000002, 40.6, 49.43399999999999, 21.201000000000004, 35.91699999999999, 30.801, 67.93199999999999, 71.16, 20.666000000000004, 21.273000000000003, 32.41799999999999, 15.828000000000003, 18.769, 79.26499999999999], "eggplant": [32.482, 38.76200000000001, 63.53499999999999, 43.849000000000004, 31.128, 42.31800000000002, 29.085000000000015, 33.49, 24.288999999999998, 26.81399999999999, 34.726000000000006, 17.875999999999998, 23.119, 13.741999999999997, 19.447, 20.139000000000003, 30.55600000000001, 36.361000000000004, 20.03, 13.777000000000001, 15.327000000000002, 14.724999999999998, 14.426999999999998, 22.220999999999997, 30.136, 10.797, 13.444, 12.238, 14.435999999999998, 12.192, 16.499000000000006], "pepper": [64.09200000000001, 69.05400000000004, 84.72800000000011, 75.21000000000004, 87.93299999999999, 81.72700000000003, 63.15099999999999, 72.02300000000002, 51.24300000000003, 52.51100000000004, 70.21400000000004, 48.97899999999999, 49.11599999999997, 46.36000000000001, 45.23600000000002, 44.67000000000001, 96.27699999999996, 88.24699999999994, 56.690000000000005, 49.29600000000003, 48.047000000000004, 50.03700000000003, 43.75800000000001, 77.097, 72.53699999999998, 45.43900000000002, 45.479, 49.394999999999996, 52.654, 46.452000000000034, 81.29200000000003], "mushroom": [103.92900000000002, 89.31599999999997, 60.052000000000014, 122.50100000000013, 126.51800000000006, 124.05900000000014, 80.42100000000005, 328.488, 57.258, 75.62999999999998, 163.66400000000007, 102.38499999999999, 48.02100000000002, 73.83100000000005, 72.91000000000007, 69.80499999999999, 115.55700000000003, 113.12500000000007, 58.33799999999999, 45.41900000000002, 56.11400000000001, 94.68799999999999, 114.30600000000001, 115.38999999999993, 104.1599999999999, 62.363, 56.508, 75.21100000000001, 81.051, 74.22999999999998, 135.28399999999993]}