{"flower_leaf": [190.62700000000012, 179.81899999999996, 193.4629999999999, 176.316, 249.55899999999988, 275.793, 148.221, 158.3289999999999, 131.492, 119.91899999999998, 151.95699999999988, 231.52500000000006, 263.3449999999997, 175.8439999999999, 156.04799999999994, 176.94899999999996, 143.53400000000008, 154.388, 235.87399999999997, 317.99799999999976, 212.9969999999998, 232.24299999999982, 179.2619999999999, 162.861, 173.781, 226.92599999999993, 199.81299999999987, 114.93299999999992, 157.957, 177.12900000000013], "flower_cauliflower": [55.858, 38.71600000000001, 38.893000000000015, 46.61200000000002, 57.828, 53.20200000000003, 26.257000000000005, 33.239000000000004, 32.730000000000004, 57.31900000000001, 31.537999999999997, 43.337, 41.704, 64.25699999999998, 29.878000000000007, 59.448, 32.647999999999996, 27.704999999999995, 82.75999999999999, 53.497, 39.19100000000002, 40.904999999999994, 31.971999999999994, 38.952, 41.56100000000001, 86.64300000000001, 35.96399999999999, 24.575999999999997, 28.105000000000004, 60.771], "water_root": [47.657999999999994, 17.941000000000003, 15.995999999999997, 16.635, 42.55400000000001, 46.963, 38.925999999999995, 19.127, 12.160999999999998, 14.492, 13.363999999999997, 16.957, 18.739000000000004, 17.361000000000004, 19.218999999999994, 18.817999999999998, 17.437, 11.388999999999998, 39.43100000000002, 39.55100000000001, 16.288999999999998, 37.808, 18.628999999999998, 51.885999999999996, 22.731999999999996, 65.74400000000001, 28.288999999999998, 11.860999999999999, 24.135000000000005, 36.83899999999999], "eggplant": [26.329000000000008, 13.872999999999998, 14.172000000000004, 20.233000000000008, 33.731, 33.397, 17.365, 20.622999999999998, 12.041000000000002, 16.916, 22.019000000000005, 21.410999999999998, 28.737, 16.134, 13.243, 15.194000000000004, 22.923999999999992, 13.805, 30.40600000000001, 41.474, 20.868000000000006, 25.819000000000003, 22.514999999999997, 18.9, 26.529, 33.517, 20.531999999999993, 18.401000000000003, 24.719000000000005, 25.865000000000006], "pepper": [102.50399999999992, 83.96900000000004, 87.11899999999996, 91.57900000000001, 110.43899999999996, 126.49999999999989, 56.47300000000002, 50.25900000000001, 39.795, 49.32100000000001, 50.22000000000001, 74.51000000000002, 83.72300000000001, 48.550000000000004, 49.991000000000014, 46.89500000000006, 46.14500000000007, 48.074999999999996, 84.26899999999999, 99.14800000000002, 56.56100000000003, 77.00900000000001, 54.32700000000005, 50.48600000000002, 53.938000000000045, 68.09400000000002, 54.45900000000001, 37.40999999999999, 57.017000000000046, 53.628000000000036], "mushroom": [47.28199999999997, 51.01100000000001, 48.16300000000002, 54.42999999999997, 62.59400000000002, 78.47200000000002, 41.803999999999995, 32.38899999999999, 33.45, 35.789, 48.467000000000006, 73.173, 74.83399999999999, 31.147000000000023, 41.57800000000001, 35.413000000000004, 39.259, 38.54100000000001, 60.52000000000001, 50.420000000000016, 63.52900000000005, 49.05800000000001, 56.26500000000007, 61.01100000000004, 64.50900000000006, 94.49499999999999, 72.52200000000002, 46.913000000000025, 45.48500000000001, 110.35799999999996]}