{"flower_leaf": [171.82600000000016, 198.54400000000007, 226.26500000000024, 200.98499999999981, 203.53199999999993, 151.84000000000006, 147.5079999999999, 160.78599999999994, 216.66800000000012, 157.72099999999992, 190.05999999999955, 182.51899999999983, 157.29300000000006, 191.116, 258.278, 212.58799999999997, 176.65799999999996, 173.27100000000002, 140.823, 148.85100000000008, 106.47199999999995, 190.36300000000023, 217.25900000000013, 148.831, 130.32499999999996, 166.46699999999998, 145.23699999999994, 123.82399999999998, 180.87500000000009, 196.23599999999996, 191.98000000000027], "flower_cauliflower": [57.443000000000005, 36.46600000000002, 37.61299999999999, 37.837999999999994, 34.156000000000006, 21.198999999999998, 26.046000000000006, 28.122000000000007, 37.44300000000001, 30.866, 27.768, 19.252000000000002, 24.095, 40.99699999999999, 37.34700000000001, 52.382, 27.58699999999999, 31.098000000000006, 33.90099999999998, 17.188999999999997, 33.979, 34.961999999999996, 64.23100000000002, 40.924000000000014, 29.55399999999999, 46.54700000000002, 43.95200000000001, 42.189000000000014, 52.77899999999999, 21.296, 39.16500000000002], "water_root": [18.075, 17.439, 18.742999999999995, 8.799, 15.351999999999999, 5.992, 6.436, 11.457000000000003, 21.145000000000007, 8.06, 8.963000000000001, 6.081000000000001, 14.949, 11.412, 12.399, 6.386, 5.010999999999999, 12.309, 12.199000000000002, 8.975000000000003, 4.177999999999999, 9.18, 17.229, 4.28, 5.412, 4.008000000000001, 8.318999999999999, 6.205, 9.569999999999999, 4.718999999999999, 5.404], "eggplant": [19.975999999999996, 22.784000000000002, 25.175000000000004, 18.031999999999993, 17.339000000000002, 22.682000000000002, 20.724, 22.625, 30.749999999999993, 24.955999999999992, 26.53300000000001, 19.247, 20.687, 32.19300000000001, 40.77600000000002, 19.009, 29.921000000000003, 23.782999999999998, 20.577999999999996, 22.177000000000007, 21.886, 25.84500000000001, 42.33100000000002, 17.043000000000003, 17.94, 15.810000000000002, 15.645000000000001, 16.472, 18.290999999999997, 27.038000000000004, 25.36300000000001], "pepper": [77.39599999999999, 80.42000000000004, 83.41899999999994, 43.84599999999997, 72.08, 73.006, 73.962, 69.52899999999997, 95.07500000000009, 60.824999999999974, 46.52399999999999, 42.616, 47.949, 51.909000000000006, 86.63699999999997, 153.409, 76.09900000000006, 84.864, 76.85300000000001, 60.967, 36.494, 98.93600000000009, 137.48499999999993, 54.772000000000006, 57.519000000000005, 65.41600000000001, 37.07800000000002, 67.00999999999998, 116.84499999999984, 106.61499999999988, 60.11800000000002], "mushroom": [50.81000000000001, 47.43500000000001, 54.995000000000005, 42.643000000000015, 60.989000000000004, 30.192, 33.543000000000006, 33.331, 44.84899999999998, 26.42700000000001, 29.888999999999985, 31.02, 29.53700000000001, 29.278, 49.93200000000003, 51.103, 25.732999999999986, 29.449999999999992, 28.797999999999995, 35.447, 43.516000000000005, 45.20900000000001, 62.384000000000015, 29.627000000000013, 35.047000000000004, 31.969, 19.574, 28.172000000000004, 35.88200000000001, 33.492, 34.113999999999976]}