{"flower_leaf": [151.09100000000004, 178.51700000000008, 142.37200000000004, 121.09299999999999, 204.28699999999998, 222.817, 148.5390000000002, 144.48200000000006, 126.35900000000002, 122.00399999999999, 129.9819999999999, 210.26699999999994, 211.2800000000001, 169.858, 127.71900000000001, 104.99100000000004, 113.507, 150.8750000000001, 203.36900000000006, 202.3069999999999, 150.0700000000001, 126.15100000000007, 123.21400000000011, 127.94600000000017, 146.58200000000005, 197.68999999999983, 213.54699999999988, 125.78200000000001, 110.19600000000001, 125.41499999999998], "flower_cauliflower": [41.59300000000001, 43.414, 36.284000000000006, 31.416000000000004, 61.48600000000003, 42.142999999999994, 24.819000000000006, 25.105999999999995, 26.84499999999999, 13.847, 21.048, 52.461999999999996, 62.324000000000034, 73.03699999999999, 45.326, 12.989999999999997, 48.477, 34.97099999999999, 44.51099999999999, 43.614, 54.07000000000001, 26.162, 57.722999999999985, 34.885, 40.437000000000005, 71.82100000000003, 56.54200000000002, 35.78400000000001, 34.382999999999996, 27.051999999999996], "water_root": [7.217000000000001, 8.681, 11.018999999999998, 13.460999999999999, 19.494999999999997, 7.1819999999999995, 8.757, 7.393999999999999, 7.943, 10.339999999999998, 6.744, 22.347000000000005, 11.431000000000001, 14.049, 9.998000000000003, 5.186999999999999, 9.408999999999999, 7.902000000000004, 10.313000000000002, 10.001000000000003, 9.9, 13.91, 10.931000000000001, 6.119000000000001, 10.915999999999999, 20.953000000000003, 19.982000000000003, 9.932999999999998, 9.520000000000001, 7.464000000000001], "eggplant": [26.938000000000006, 27.705999999999996, 11.679, 16.743, 36.367000000000004, 30.644, 29.868000000000006, 24.611, 19.352999999999998, 24.961000000000002, 16.567000000000004, 48.073000000000036, 40.009000000000015, 37.54499999999999, 20.698, 19.792999999999996, 28.236999999999995, 27.339000000000002, 30.48800000000001, 61.88100000000002, 18.565999999999995, 30.314, 24.859000000000005, 19.543, 12.895999999999999, 35.449000000000005, 31.77600000000001, 21.087999999999997, 19.720999999999997, 27.42499999999999], "pepper": [76.64800000000004, 89.38599999999994, 75.20599999999997, 63.703, 91.95000000000006, 88.6710000000001, 68.96500000000006, 56.100999999999985, 52.093, 57.09100000000002, 74.87299999999995, 77.63600000000001, 88.876, 69.072, 60.187000000000005, 46.695000000000036, 45.845, 46.75400000000002, 87.63299999999998, 84.13400000000001, 58.69299999999998, 56.13499999999999, 53.90099999999999, 41.586, 35.531000000000006, 82.43899999999998, 79.12100000000002, 45.80999999999998, 40.321000000000005, 39.114], "mushroom": [33.667999999999985, 43.52800000000002, 48.364999999999995, 47.048000000000016, 42.31999999999999, 32.745, 27.87199999999999, 28.108000000000015, 31.399000000000008, 29.393, 25.579000000000015, 61.00899999999998, 74.60199999999996, 56.049000000000014, 31.346, 29.825999999999993, 22.835000000000008, 29.867000000000004, 39.484, 38.57800000000001, 24.224, 29.29900000000001, 32.793000000000006, 31.74700000000001, 32.53700000000002, 47.40199999999999, 49.139999999999986, 33.152999999999984, 26.399, 41.53699999999999]}