{"flower_leaf": [162.29100000000008, 178.70999999999995, 212.26699999999988, 192.0210000000001, 178.46899999999994, 55.611000000000004, 198.10699999999986, 136.899, 145.02600000000007, 203.92999999999995, 211.61899999999997, 148.3709999999999, 127.20700000000008, 151.83000000000004, 130.081, 130.80799999999996, 194.95099999999996, 194.4510000000001, 134.78100000000006, 150.7150000000001, 182.93900000000002, 150.8060000000001, 171.22600000000008, 264.80299999999966, 221.78499999999983, 151.2579999999999, 135.21599999999998, 125.39999999999992, 134.89799999999994, 138.58499999999998], "flower_cauliflower": [39.10899999999999, 69.53, 68.59300000000003, 71.45599999999996, 76.70100000000001, 13.129999999999999, 26.939000000000004, 22.294, 51.977999999999994, 50.18600000000002, 47.111999999999995, 32.026999999999994, 28.59299999999999, 30.12, 27.050000000000004, 40.232000000000006, 77.63599999999998, 48.31499999999997, 25.092000000000002, 30.338000000000005, 49.74799999999999, 34.614999999999995, 47.03500000000001, 107.30900000000007, 94.26400000000004, 43.118, 26.490000000000006, 29.404999999999994, 33.858, 38.12500000000001], "water_root": [20.743000000000002, 37.764, 38.786000000000016, 33.95, 24.240999999999993, 3.6220000000000008, 17.735000000000003, 9.581999999999999, 29.704, 22.752999999999997, 22.195999999999994, 4.178, 5.552999999999999, 19.197000000000003, 17.098, 19.018, 35.30200000000001, 22.237, 12.658, 12.166999999999996, 13.078000000000001, 11.639999999999999, 10.412999999999998, 17.178, 11.453999999999999, 11.871000000000002, 9.127000000000002, 7.359000000000001, 8.818, 14.855999999999998], "eggplant": [20.603999999999992, 20.664999999999996, 32.709999999999994, 22.975999999999992, 16.491999999999997, 3.138, 16.213, 20.31900000000001, 17.451, 25.524999999999988, 24.902000000000005, 10.203, 13.400000000000002, 18.975, 12.150999999999998, 15.371000000000004, 20.407, 28.971999999999998, 17.311, 16.233999999999998, 26.621999999999993, 15.226999999999999, 27.427000000000003, 37.79599999999999, 24.708000000000002, 12.618, 31.04200000000001, 27.48699999999998, 15.705000000000002, 26.785999999999994], "pepper": [52.994000000000014, 70.72700000000002, 100.32300000000004, 88.244, 112.57700000000008, 35.075000000000024, 62.9, 52.59599999999997, 54.274, 84.84000000000006, 94.32600000000002, 38.75600000000003, 51.480000000000025, 47.052, 44.413, 62.19700000000002, 72.26600000000002, 118.06300000000003, 59.01499999999999, 64.06200000000004, 50.68399999999999, 47.905000000000015, 53.39699999999998, 102.50100000000002, 71.04700000000003, 60.71600000000002, 50.150000000000006, 47.18900000000002, 54.54300000000002, 52.86499999999999], "mushroom": [48.97800000000002, 72.57399999999998, 75.73899999999999, 61.70900000000002, 68.04900000000002, 11.671000000000001, 47.80500000000002, 35.491, 31.400999999999996, 60.28700000000002, 52.29000000000002, 43.328, 40.041, 41.38699999999999, 40.150000000000006, 47.16200000000001, 70.817, 56.60699999999996, 36.29299999999999, 37.651, 31.173000000000002, 40.03999999999999, 49.10900000000001, 78.6, 37.692000000000014, 37.392, 26.08, 33.609, 32.548000000000016, 34.27100000000001]}