{"flower_leaf": [90.48800000000007, 112.62400000000012, 185.59499999999994, 113.33100000000002, 102.5050000000001, 104.54700000000008, 105.76700000000005, 113.86200000000015, 281.24699999999984, 115.09300000000009, 195.64699999999996, 166.51500000000024, 116.05100000000007, 110.67100000000005, 105.8400000000001, 109.34600000000005, 118.68200000000019, 191.22800000000043, 187.62300000000008, 123.54000000000002, 110.97300000000004, 108.75899999999997, 84.61700000000003, 104.32500000000007, 155.786, 163.91900000000004, 105.20699999999994, 133.89900000000006, 156.0899999999999, 127.27400000000011], "flower_cauliflower": [22.234, 20.605000000000004, 29.489, 13.897999999999994, 21.970000000000002, 23.308999999999997, 20.909000000000006, 17.045999999999996, 21.53199999999999, 13.058000000000002, 34.691, 29.698000000000004, 23.638, 23.58699999999999, 18.931, 18.079000000000004, 27.301000000000002, 29.83400000000001, 31.955999999999996, 26.019999999999992, 22.014000000000006, 23.448999999999998, 14.583, 17.639999999999997, 22.426, 36.32, 21.77200000000001, 23.306999999999995, 40.42400000000001, 47.52799999999996], "water_root": [5.0840000000000005, 11.330000000000002, 14.235, 5.135, 10.108999999999996, 5.253000000000001, 6.312, 6.7250000000000005, 5.241000000000001, 9.447000000000001, 9.209, 10.588, 3.944, 14.603999999999996, 5.184, 5.3469999999999995, 6.548999999999999, 18.483999999999998, 15.541000000000006, 8.896, 6.063000000000001, 13.806000000000003, 5.402000000000001, 25.878, 40.33200000000001, 31.363999999999994, 12.659, 19.501, 16.117999999999995, 10.625], "eggplant": [21.105, 34.716, 59.950000000000024, 39.75200000000001, 42.32799999999998, 37.31199999999999, 23.211999999999996, 27.370000000000005, 35.271, 38.77600000000001, 48.32, 49.50499999999997, 33.306, 29.76199999999999, 33.77599999999999, 35.463, 36.32600000000003, 47.584000000000024, 40.85799999999999, 27.416000000000004, 27.152, 22.450999999999997, 17.152, 22.83599999999999, 28.57000000000001, 33.782999999999994, 21.427, 13.136999999999999, 26.758000000000003, 21.968999999999998], "pepper": [43.71800000000002, 47.187999999999995, 69.90299999999998, 38.876000000000005, 41.001, 40.803, 38.975, 40.95900000000002, 41.65100000000001, 37.531, 61.05400000000004, 67.52899999999998, 29.922999999999995, 29.213000000000015, 39.656000000000006, 49.712, 47.099999999999994, 79.94, 79.311, 46.065, 32.467, 35.160999999999994, 29.210999999999984, 33.789, 39.41400000000001, 43.417999999999985, 28.076999999999988, 28.268, 21.953999999999997, 29.25900000000001], "mushroom": [35.60300000000001, 36.404999999999994, 61.14900000000001, 27.697999999999997, 41.36900000000001, 26.542999999999996, 28.139, 28.048000000000002, 27.768, 27.15199999999999, 36.533, 49.293000000000006, 35.01400000000001, 16.266, 26.243, 32.227999999999994, 36.568000000000005, 50.205999999999996, 49.153000000000006, 35.656, 29.804, 28.096999999999994, 28.488, 29.264999999999993, 47.56899999999999, 54.309, 26.887000000000004, 39.702, 39.934000000000005, 38.62700000000001]}