{"flower_leaf": [99.39900000000002, 170.093, 226.1709999999999, 272.787, 173.92399999999992, 140.88000000000002, 231.00900000000004, 204.481, 173.03499999999994, 185.802, 226.11500000000004, 291.7589999999999, 305.66999999999973, 265.0900000000001, 295.3639999999999, 201.17799999999994, 252.22399999999988, 285.26500000000004, 223.24800000000002, 210.78399999999996, 285.0849999999999, 362.94, 253.075, 253.51799999999994, 257.429, 237.40700000000004, 244.08800000000008, 329.50900000000007], "flower_cauliflower": [24.72200000000001, 30.281999999999996, 38.550999999999995, 25.63600000000001, 46.35699999999999, 41.32999999999999, 55.053000000000004, 62.53599999999999, 27.822999999999997, 37.876, 40.700999999999986, 44.891, 28.131, 43.94500000000001, 68.962, 47.455999999999975, 45.50100000000002, 76.35799999999995, 33.67099999999999, 29.48600000000001, 47.27900000000002, 51.94100000000001, 27.857000000000003, 39.59099999999997, 36.052, 25.895, 29.769000000000016, 39.573000000000015], "water_root": [18.158, 41.811, 67.863, 64.33099999999999, 47.47999999999999, 30.039, 73.28000000000003, 63.38500000000001, 30.167999999999996, 50.434000000000005, 29.923, 60.99600000000001, 59.198, 97.79100000000005, 65.117, 67.12200000000001, 53.791999999999994, 61.727, 45.018, 54.487000000000016, 61.87400000000001, 105.12900000000002, 56.00400000000001, 72.51400000000001, 60.285999999999994, 66.28699999999999, 62.525, 103.27100000000003], "eggplant": [1.168, 0, 7.977000000000001, 11.596999999999998, 4.524, 4.422, 6.571999999999999, 3.629, 3.379, 5.316, 6.973000000000001, 8.607, 6.8389999999999995, 16.785999999999998, 12.024999999999997, 11.560000000000002, 6.731, 17.740000000000006, 8.883000000000001, 8.921000000000001, 11.582000000000003, 5.742, 12.022000000000002, 6.541, 8.167, 3.6560000000000006, 6.172999999999998, 5.574], "pepper": [53.403999999999996, 118.65700000000001, 97.96300000000006, 82.54999999999993, 131.2729999999999, 99.44699999999996, 161.9819999999998, 171.69500000000002, 95.82499999999995, 103.87199999999994, 96.19799999999995, 151.97199999999995, 147.86899999999994, 153.757, 123.46899999999987, 97.84499999999997, 88.81999999999998, 137.99799999999993, 93.94899999999994, 91.64899999999999, 117.56399999999995, 166.41799999999995, 114.69099999999995, 121.71599999999991, 99.95299999999996, 129.853, 118.87700000000004, 198.24799999999985], "mushroom": [30.0, 114.0, 98.61999999999998, 124.35199999999998, 82.67799999999997, 71.48400000000001, 149.3360000000001, 144.33300000000003, 85.722, 91.19499999999998, 102.18100000000005, 94.03399999999998, 141.99300000000008, 142.64700000000002, 131.35999999999999, 86.269, 103.84699999999998, 128.851, 99.983, 92.54399999999997, 139.067, 160.77700000000007, 115.933, 102.06, 119.91299999999995, 123.43899999999998, 131.88299999999998, 178.02099999999996]}