{"flower_leaf": [138.40200000000002, 110.05600000000004, 90.08099999999997, 70.38800000000002, 65.65399999999998, 60.316000000000024, 90.66400000000002, 130.76600000000002, 147.52799999999996, 76.36500000000002, 86.15000000000005, 85.232, 73.369, 103.09899999999998, 124.10900000000005, 137.1499999999999, 90.38300000000002, 85.85199999999999, 129.67700000000002, 134.87999999999994, 146.06199999999998, 210.29700000000003, 186.69299999999984, 187.463, 153.19800000000004, 172.65100000000004, 169.50299999999993, 188.131, 207.67099999999996, 229.02199999999982], "flower_cauliflower": [38.272, 26.605000000000008, 38.02700000000001, 45.25699999999999, 39.687999999999974, 35.89699999999999, 31.833999999999996, 43.284000000000006, 114.26200000000007, 35.175000000000004, 54.46600000000001, 35.007, 21.815999999999995, 23.405, 37.53799999999999, 58.007000000000005, 11.754999999999999, 9.210999999999999, 16.223, 32.31800000000001, 32.03099999999999, 64.54099999999998, 74.24899999999997, 22.147, 48.876999999999974, 32.217000000000006, 58.02699999999999, 85.25300000000003, 90.90699999999998, 102.12799999999997], "water_root": [82.65800000000002, 27.438, 59.009000000000015, 46.59800000000001, 34.15, 34.197999999999986, 46.044999999999995, 60.00599999999999, 59.74100000000002, 56.15300000000002, 29.823999999999998, 41.62600000000002, 22.185, 48.285, 56.825, 52.79399999999998, 42.31199999999998, 32.417999999999985, 50.388999999999996, 55.56000000000001, 58.294000000000004, 64.68200000000002, 68.28500000000003, 38.075999999999986, 70.849, 64.85800000000002, 95.02500000000002, 197.93399999999997, 200.90499999999992, 234.67800000000008], "eggplant": [18.427999999999997, 13.349000000000002, 12.781999999999998, 8.174000000000001, 9.827, 7.001, 16.284, 14.223999999999997, 11.879, 8.582000000000003, 10.572999999999999, 10.637, 12.889, 6.1960000000000015, 9.146, 14.67, 10.665, 8.477999999999998, 4.2059999999999995, 22.912, 23.79800000000001, 22.592, 25.009, 25.579, 26.834000000000003, 31.875, 21.962999999999997, 54.803000000000004, 85.67199999999998, 88.02799999999995], "pepper": [57.832999999999984, 45.68600000000001, 81.75400000000006, 58.20700000000001, 66.63799999999998, 66.85600000000002, 49.31999999999999, 80.04600000000002, 81.55599999999998, 57.48100000000001, 81.87000000000006, 74.88800000000003, 63.20900000000001, 78.34200000000001, 96.24400000000006, 87.3360000000001, 47.324000000000005, 56.23800000000002, 55.989999999999995, 68.16999999999999, 81.34799999999998, 103.67999999999999, 124.43099999999995, 117.05600000000003, 85.37899999999999, 93.36199999999998, 155.22099999999992, 222.64800000000005, 356.0310000000001, 403.18499999999995], "mushroom": [90.65600000000003, 59.918, 59.04500000000001, 63.47999999999999, 40.43699999999999, 44.163, 78.764, 112.41199999999996, 84.80400000000004, 46.232, 33.489, 46.61900000000001, 48.916000000000004, 53.083000000000006, 49.827, 55.987, 29.229, 38.752, 72.068, 78.14599999999994, 77.10300000000002, 97.33300000000004, 89.48300000000006, 68.44299999999998, 83.04300000000005, 87.09399999999997, 66.62099999999997, 144.04, 195.987, 153.26100000000005]}