{"flower_leaf": [75.28599999999999, 70.10899999999998, 62.04100000000001, 78.622, 125.49499999999995, 141.17400000000006, 76.68599999999998, 82.174, 66.05899999999998, 73.50800000000002, 88.82199999999997, 129.76599999999996, 101.50999999999996, 98.27900000000001, 102.32900000000001, 105.61900000000003, 108.39399999999998, 112.09800000000003, 201.27599999999975, 173.78799999999987, 192.73399999999998, 133.24400000000009, 88.81100000000005, 106.20200000000004, 132.493, 152.5290000000002, 140.6509999999999, 85.85000000000001, 75.28599999999997, 86.195, 92.58700000000003], "flower_cauliflower": [22.944000000000006, 18.904999999999998, 21.880000000000006, 20.119, 29.26900000000001, 31.38400000000001, 0.632, 14.950999999999999, 15.083999999999998, 16.971, 19.221000000000007, 27.528999999999996, 30.393, 9.126999999999999, 7.721000000000001, 11.877, 12.812999999999999, 14.472999999999997, 24.29800000000001, 16.749000000000002, 13.613, 16.239000000000004, 7.624999999999998, 7.710999999999999, 14.527999999999999, 16.706999999999997, 11.679999999999996, 2.089, 0, 30.3, 25.096999999999994], "water_root": [5.051, 23.171, 27.705, 21.275999999999996, 44.23000000000002, 47.11900000000001, 24.48199999999999, 6.754, 17.200000000000003, 16.626, 29.63, 37.32900000000001, 28.204000000000008, 15.345, 15.026, 16.886, 30.851, 28.67400000000001, 45.815000000000005, 43.592, 25.39099999999999, 27.306, 15.255, 16.899, 43.22100000000001, 43.22699999999998, 41.214, 19.777000000000005, 18.540999999999997, 27.389000000000003, 30.993000000000002], "eggplant": [13.074999999999996, 8.61, 14.024999999999999, 9.297, 14.835999999999999, 19.160999999999998, 11.448000000000002, 9.594000000000001, 8.401000000000002, 10.189, 15.262000000000004, 24.794999999999995, 19.470000000000006, 12.678, 12.815999999999999, 12.564, 15.834000000000001, 16.346, 26.011, 21.443, 25.338, 21.947000000000006, 17.569000000000003, 16.036, 17.128000000000007, 23.285999999999994, 26.976999999999997, 15.998000000000003, 13.184000000000001, 17.223, 10.145], "pepper": [60.582000000000015, 69.75500000000002, 54.07500000000002, 72.58999999999997, 102.35799999999999, 81.90400000000001, 52.88899999999999, 71.127, 62.03599999999997, 57.40700000000003, 53.281, 95.02900000000002, 77.90300000000002, 96.701, 80.28300000000002, 72.95700000000001, 84.51900000000002, 94.46100000000007, 129.315, 105.56599999999996, 72.925, 87.67099999999999, 82.27799999999996, 48.67999999999999, 74.387, 94.554, 89.283, 64.15999999999998, 65.00400000000002, 69.72099999999996, 54.92000000000002], "mushroom": [18.112, 17.916, 15.524999999999997, 28.907999999999998, 33.725, 39.323000000000015, 12.626, 14.096, 21.91, 14.375, 11.525000000000004, 23.441000000000006, 25.826999999999995, 13.799000000000001, 17.42, 17.088, 22.721000000000007, 29.951999999999998, 49.82899999999999, 43.0, 28.074, 31.65599999999999, 28.279, 18.105999999999998, 43.385999999999996, 43.18299999999999, 24.077999999999996, 21.237999999999996, 26.983, 22.45, 26.203]}