{"flower_leaf": [63.003000000000014, 88.41200000000005, 116.53600000000007, 216.49699999999987, 208.189, 219.98499999999993, 160.05399999999997, 162.297, 138.28799999999995, 116.13300000000002, 132.50799999999998, 154.46699999999987, 165.84999999999988, 150.01399999999992, 154.45300000000006, 99.01500000000003, 112.07700000000007, 98.78299999999999, 120.63999999999999, 105.91799999999994, 85.38700000000003, 78.35600000000001, 65.20999999999998, 75.146, 96.43199999999995, 118.50700000000005, 94.60699999999997, 77.285], "flower_cauliflower": [13.968000000000002, 38.729, 26.228999999999996, 48.03600000000002, 45.66499999999999, 52.78399999999999, 43.144000000000005, 44.616, 25.254999999999995, 23.056999999999995, 24.982, 35.481, 37.881999999999984, 35.754000000000005, 30.547000000000004, 21.874999999999996, 20.645000000000003, 24.401000000000003, 49.66500000000001, 36.38600000000002, 28.045000000000005, 21.47000000000001, 28.796, 34.62400000000001, 25.668000000000003, 29.244000000000018, 34.072, 22.582], "water_root": [38.24999999999999, 37.86800000000001, 7.01, 55.923, 2.2030000000000003, 66.87999999999997, 41.73499999999999, 29.778, 30.194, 29.540000000000003, 38.28599999999999, 58.416999999999994, 38.75699999999999, 24.829000000000008, 50.087, 25.239999999999995, 38.54, 34.695, 38.763, 35.58, 26.034, 25.200999999999997, 17.076000000000004, 19.77800000000001, 43.644000000000005, 40.830999999999996, 33.006, 27.838], "eggplant": [18.859999999999996, 29.265999999999995, 51.214999999999996, 49.811999999999976, 43.63700000000001, 38.29900000000001, 25.718, 28.361, 17.826999999999995, 18.122000000000003, 16.356, 19.232999999999993, 18.593000000000004, 22.164999999999996, 13.33, 8.002, 16.258, 13.181, 19.604, 19.499000000000002, 12.818999999999999, 14.992999999999999, 10.987000000000002, 11.294999999999998, 15.162000000000003, 22.413000000000004, 17.194000000000003, 14.357999999999995], "pepper": [52.919999999999966, 89.26999999999995, 125.95199999999997, 168.22899999999993, 79.34900000000003, 127.90299999999999, 105.78300000000004, 83.10600000000001, 81.85900000000001, 95.38999999999999, 80.49599999999995, 63.243999999999986, 53.380999999999986, 56.165, 65.561, 50.30600000000001, 64.96, 77.47899999999998, 84.40900000000002, 80.20400000000001, 54.12700000000002, 83.42800000000001, 46.04399999999999, 60.707, 66.53900000000002, 96.27699999999992, 90.842, 66.12200000000001], "mushroom": [46.534, 104.52200000000002, 46.15199999999999, 62.23200000000001, 94.21699999999998, 90.51899999999999, 89.42999999999995, 48.124, 54.39800000000001, 45.478000000000016, 44.35000000000001, 44.628000000000014, 62.028000000000006, 43.618, 54.99600000000001, 19.235000000000003, 28.335000000000004, 44.248999999999995, 49.45300000000002, 29.075999999999997, 11.196999999999997, 14.499000000000002, 16.979, 27.096999999999998, 33.498000000000005, 44.56, 29.747999999999998, 11.887000000000002]}