{"flower_leaf": [318.4849999999997, 253.8609999999999, 252.75299999999987, 328.9180000000001, 373.66600000000017, 353.2170000000001, 468.85699999999986, 360.31899999999996, 342.07500000000005, 288.06999999999994, 244.75900000000007, 240.31200000000004, 151.966, 135.637, 375.02600000000007, 367.6809999999998, 247.30199999999996, 273.9100000000001, 225.8069999999999, 242.85299999999984, 611.594, 299.448, 242.89199999999985, 199.32599999999996, 217.39700000000002, 226.6329999999999, 208.99999999999997, 229.52399999999994, 367.1309999999999, 221.196, 85.39800000000008], "flower_cauliflower": [76.79900000000002, 61.868999999999964, 59.161000000000016, 49.869000000000014, 40.76900000000001, 71.588, 87.40299999999998, 37.81400000000001, 53.05799999999999, 47.046, 29.659999999999997, 29.30899999999999, 30.604999999999997, 11.594999999999999, 60.964999999999996, 62.74000000000003, 35.261, 56.159000000000006, 33.063, 30.363, 95.21300000000006, 56.496000000000016, 38.943999999999996, 30.369000000000003, 36.506, 38.15200000000002, 31.661000000000012, 40.855000000000025, 64.03600000000006, 76.79100000000001, 47.777], "water_root": [102.73100000000005, 81.61100000000003, 93.09000000000002, 104.98400000000004, 118.42099999999999, 132.357, 110.30200000000002, 81.908, 66.47900000000001, 46.834, 51.59600000000001, 39.206, 61.838, 13.046, 101.79800000000002, 86.33300000000006, 38.61499999999999, 41.022, 38.515, 52.36800000000001, 97.06799999999994, 77.74700000000001, 61.264999999999986, 37.236, 36.98100000000002, 35.475, 35.991, 63.11999999999999, 98.46199999999996, 67.58800000000001, 32.21300000000001], "eggplant": [0, 0, 0, 0, 0, 0, 0, 0, 0, 0, 0, 0, 0, 0, 12.033, 2.55, 5.7620000000000005, 7.187000000000001, 13.004000000000001, 4.7010000000000005, 38.48600000000001, 7.952000000000001, 14.581000000000001, 3.2230000000000003, 4.156, 4.5600000000000005, 2.299, 11.885000000000002, 11.396000000000004, 10.805, 3.3189999999999995], "pepper": [169.3739999999999, 178.918, 116.323, 115.09900000000006, 162.7209999999999, 208.677, 169.97600000000014, 114.62900000000002, 110.96600000000001, 134.73699999999997, 119.42600000000003, 121.31700000000001, 84.84500000000001, 49.26199999999999, 203.09799999999998, 178.90900000000005, 111.662, 155.23299999999998, 96.13199999999998, 105.94699999999999, 398.3959999999997, 155.90799999999993, 138.43399999999994, 73.345, 125.16, 117.38600000000001, 114.66799999999999, 136.1009999999999, 166.4850000000001, 203.14499999999992, 83.71399999999998], "mushroom": [122.01000000000006, 91.23000000000002, 81.68900000000002, 117.054, 87.49100000000003, 184.58200000000002, 154.165, 108.09399999999998, 121.547, 103.327, 89.44300000000003, 82.77299999999998, 70.04599999999999, 65.579, 223.12500000000009, 209.72000000000014, 104.537, 156.31000000000003, 105.85600000000004, 88.04099999999998, 288.383, 157.64800000000005, 152.18100000000004, 85.04999999999997, 89.45899999999997, 104.79499999999999, 116.582, 164.56700000000006, 246.83000000000004, 197.42899999999995, 60.84399999999999]}