{"flower_leaf": [311.03399999999993, 328.2160000000002, 419.81299999999993, 491.16599999999977, 285.8889999999999, 250.20299999999997, 260.62399999999997, 222.03300000000002, 311.923, 418.2630000000001, 349.9239999999999, 315.0019999999999, 216.66900000000004, 185.15700000000004, 201.56900000000005, 193.8060000000001, 358.256, 376.496, 212.50699999999998, 262.54299999999995, 213.47499999999988, 226.5279999999999, 243.19000000000005, 345.8520000000001, 320.6439999999999, 196.44500000000002, 158.18699999999998, 142.124, 175.757, 200.09800000000004], "flower_cauliflower": [47.503, 42.416, 53.625999999999976, 62.54399999999996, 53.15799999999999, 39.139, 40.006999999999984, 42.528000000000006, 66.96799999999999, 72.29299999999998, 63.23400000000001, 71.58800000000002, 47.126000000000005, 41.841, 27.430999999999997, 41.28300000000002, 69.61300000000004, 57.716000000000065, 38.81500000000001, 42.297, 32.068000000000005, 50.388000000000005, 64.26000000000002, 75.743, 55.32399999999997, 30.760000000000005, 29.389000000000003, 32.625, 31.877000000000006, 53.329999999999984], "water_root": [56.77, 53.186000000000014, 88.58899999999998, 124.54999999999995, 60.192000000000014, 54.584, 58.28400000000001, 46.657999999999994, 111.67599999999997, 155.467, 97.36299999999997, 38.383, 25.627, 27.93499999999999, 29.546, 26.977, 50.024, 58.667999999999985, 9.274, 14.946, 18.429000000000002, 20.182, 30.661999999999995, 49.29099999999999, 14.037999999999998, 34.863, 35.665, 62.641000000000005, 43.662999999999975, 70.235], "eggplant": [11.464, 4.884, 15.738000000000003, 18.362000000000005, 10.812000000000001, 11.684000000000001, 12.387999999999998, 7.918000000000002, 4.6499999999999995, 0.491, 6.927000000000001, 0, 0, 0, 0, 0, 0, 0, 0, 0, 0, 0, 0, 0, 0, 0, 0, 0, 0, 0], "pepper": [100.92199999999997, 103.82500000000002, 176.62800000000001, 185.40199999999996, 117.607, 93.769, 69.663, 90.43500000000003, 179.33999999999995, 146.77700000000007, 83.98400000000001, 145.59999999999997, 104.849, 70.05299999999998, 66.52900000000001, 107.82500000000003, 168.43599999999995, 177.80599999999993, 45.68300000000001, 67.862, 86.45799999999998, 73.80099999999999, 85.824, 193.74300000000002, 132.46800000000002, 59.17800000000001, 63.59400000000001, 77.95999999999997, 84.36800000000001, 107.47699999999998], "mushroom": [58.418999999999976, 61.11899999999998, 77.88700000000003, 87.77500000000003, 47.452000000000005, 40.62, 44.355999999999995, 62.071999999999974, 103.56800000000003, 114.94200000000002, 92.33000000000003, 98.58700000000002, 68.33399999999999, 53.10700000000001, 56.663, 74.42499999999998, 90.04999999999997, 80.37299999999998, 30.315999999999995, 47.23500000000001, 46.791000000000004, 50.943, 87.17900000000002, 101.60700000000003, 118.40399999999997, 58.14200000000001, 37.499, 53.38399999999999, 44.33299999999999, 53.895]}