{"flower_leaf": [130.26200000000003, 133.16800000000003, 111.53799999999998, 148.726, 146.41899999999993, 109.94499999999996, 85.20099999999996, 87.64999999999999, 141.10199999999998, 184.59100000000004, 93.42800000000004, 106.26800000000004, 100.36300000000004, 128.58599999999998, 131.82800000000003, 124.808, 107.54899999999996, 112.67899999999993, 101.39099999999993, 105.27499999999998, 112.79400000000004, 114.04299999999999, 118.65300000000002, 99.18899999999998, 116.36500000000004, 91.764, 88.80700000000003, 111.59400000000001, 106.052, 141.0389999999999], "flower_cauliflower": [25.701, 26.163000000000004, 16.438, 22.224000000000007, 21.248, 17.497, 10.494, 10.629000000000001, 15.591, 7.757, 6.382999999999999, 6.375, 9.796999999999999, 6.047000000000001, 10.730000000000002, 12.666, 20.254, 12.087000000000002, 7.869, 11.412999999999998, 8.548, 18.726, 19.647999999999996, 15.602999999999998, 16.833, 9.969, 9.138, 11.201999999999998, 21.479, 28.31899999999999], "water_root": [25.436999999999998, 34.452, 42.99799999999999, 31.759, 21.709999999999997, 5.8549999999999995, 6.533, 6.366, 11.218000000000002, 18.379, 1.03, 7.538, 4.609999999999999, 6.494999999999999, 14.180000000000001, 15.042, 9.701, 3.024, 5.106, 2.7720000000000002, 3.552, 7.417, 9.767, 4.52, 4.202, 4.905, 2.3980000000000006, 2.139, 7.15, 9.219999999999999], "eggplant": [16.697000000000003, 18.01599999999999, 23.886999999999997, 23.386999999999993, 15.356, 11.695, 14.479, 12.371, 27.258000000000006, 24.484999999999992, 10.687000000000003, 20.041, 20.903000000000002, 21.355999999999998, 17.358, 32.118, 32.00800000000002, 23.280000000000005, 16.984999999999996, 18.031000000000006, 11.668000000000003, 20.471000000000004, 25.193999999999996, 13.679, 20.592000000000002, 14.113, 24.95300000000001, 21.917999999999996, 29.706999999999997, 35.229], "pepper": [80.48000000000003, 71.34899999999996, 96.131, 107.73200000000006, 38.66400000000001, 38.127, 28.799, 36.973, 133.10599999999997, 113.88100000000004, 69.30500000000002, 76.21999999999996, 76.95, 59.011000000000024, 69.72000000000001, 84.37599999999996, 85.746, 62.949999999999974, 53.306000000000004, 51.324, 59.83100000000002, 69.833, 86.55000000000004, 63.73900000000001, 94.82800000000012, 61.328, 64.36599999999999, 80.38900000000004, 96.804, 81.21000000000005], "mushroom": [19.915000000000003, 30.03, 46.766, 40.745, 31.475999999999996, 20.492, 14.881, 18.886, 35.619, 30.946000000000005, 11.87, 16.858999999999998, 31.963, 21.589000000000006, 39.135999999999996, 28.104000000000006, 40.244000000000014, 28.666999999999998, 23.736000000000008, 33.39400000000001, 27.479, 26.309, 27.473000000000003, 32.92100000000001, 28.121, 13.139000000000001, 27.102000000000007, 16.357, 24.064, 34.150999999999996]}