{"flower_leaf": [156.41999999999996, 204.68800000000002, 189.28199999999998, 252.72500000000014, 281.35099999999994, 179.66200000000003, 154.54299999999995, 161.29700000000008, 203.64499999999995, 175.84699999999998, 243.908, 309.30699999999996, 226.18900000000002, 160.28500000000003, 184.47499999999997, 155.35100000000003, 160.60900000000004, 285.81499999999994, 230.40399999999994, 138.164, 150.15400000000002, 138.874, 154.46700000000004, 134.95600000000005, 219.4699999999999, 243.01000000000005, 136.92600000000004, 115.968], "flower_cauliflower": [33.306999999999995, 41.74700000000003, 53.285000000000025, 39.93000000000003, 39.59, 34.646, 33.83000000000001, 35.924, 30.833000000000002, 31.996, 53.41700000000001, 48.80900000000001, 33.60100000000001, 37.56000000000001, 31.355, 34.159000000000006, 38.593999999999994, 48.48800000000001, 45.80500000000002, 29.446999999999992, 29.46600000000001, 29.540000000000013, 33.28399999999999, 31.169999999999998, 44.99400000000003, 47.39600000000002, 13.220999999999998, 27.118], "water_root": [32.281000000000006, 32.252, 54.96999999999999, 85.60499999999999, 83.513, 11.684, 25.653, 39.34700000000001, 42.757000000000005, 49.25700000000001, 77.14900000000002, 74.08699999999999, 30.456000000000003, 39.561, 41.20900000000001, 32.783, 28.471000000000004, 65.74500000000003, 48.268, 24.15, 24.144, 31.124, 22.517, 35.391, 41.824, 34.64, 13.331000000000001, 21.011], "eggplant": [12.688999999999998, 15.701000000000002, 14.786, 20.697999999999997, 15.280999999999999, 12.376999999999997, 12.441000000000004, 8.429000000000002, 13.361999999999998, 12.794, 16.919, 28.032000000000014, 14.142999999999999, 14.300999999999997, 6.735, 7.394000000000001, 8.283, 21.074, 17.566999999999997, 7.391, 12.593000000000002, 9.991000000000001, 11.309999999999999, 11.328000000000001, 10.979, 14.040999999999999, 8.845999999999998, 7.007000000000001], "pepper": [136.90899999999993, 142.663, 187.65399999999988, 232.87099999999992, 140.19899999999996, 91.36299999999996, 99.93699999999997, 93.97499999999997, 138.1299999999999, 125.46799999999998, 164.89999999999995, 158.806, 107.05599999999998, 108.67200000000003, 105.64700000000002, 105.95, 136.319, 181.09500000000006, 162.06599999999997, 61.626999999999995, 101.221, 82.29300000000002, 104.04800000000003, 134.18300000000005, 170.60500000000002, 149.73799999999994, 88.88399999999999, 96.70599999999999], "mushroom": [92.32100000000003, 125.85299999999997, 125.44099999999997, 126.55000000000001, 112.77700000000006, 79.47599999999998, 63.807, 75.372, 88.66999999999997, 103.70000000000003, 143.53099999999998, 109.17900000000004, 103.14699999999998, 75.06900000000002, 72.32500000000002, 74.701, 104.87599999999999, 134.31700000000004, 105.09700000000002, 64.77600000000001, 55.615, 74.47399999999998, 77.90599999999998, 83.78499999999998, 115.86699999999999, 92.62799999999997, 65.00599999999999, 61.48200000000001]}