{"flower_leaf": [208.3770000000001, 185.98499999999993, 170.82099999999997, 169.641, 217.271, 136.40299999999996, 131.267, 183.92600000000002, 197.61600000000007, 123.41099999999999, 158.881, 118.18000000000004, 92.25100000000002, 131.72900000000004, 208.16899999999995, 204.874, 106.88399999999999, 182.60699999999997, 156.55300000000003, 122.08699999999995, 215.68399999999997, 330.8499999999995, 279.352, 188.22199999999992, 163.70399999999998, 148.38999999999996, 141.66699999999997, 164.32699999999994, 169.13199999999995, 132.248], "flower_cauliflower": [35.078999999999986, 39.36200000000001, 16.457, 20.022, 45.41700000000001, 23.049999999999997, 31.899, 35.691000000000024, 30.535999999999984, 18.365000000000002, 15.787999999999995, 17.264999999999997, 19.775000000000002, 18.182999999999996, 20.852, 23.471999999999994, 14.474999999999998, 16.779, 19.103, 19.807000000000006, 26.17000000000001, 40.02599999999998, 22.853, 17.855999999999998, 15.889999999999999, 21.236000000000004, 14.239999999999998, 22.805999999999994, 27.576999999999995, 25.487000000000002], "water_root": [26.836000000000002, 27.875999999999998, 29.721000000000004, 14.976999999999997, 24.199, 9.889000000000001, 16.629, 20.729999999999997, 30.084000000000003, 17.868, 7.577, 19.088, 15.052000000000001, 26.338000000000005, 28.049000000000007, 16.458000000000002, 7.066, 15.097000000000001, 12.216000000000001, 12.171000000000001, 28.933999999999997, 27.103000000000005, 10.290999999999999, 13.28, 9.992999999999999, 4.702000000000001, 11.674999999999999, 14.078, 24.692999999999998, 16.983000000000004], "eggplant": [23.387999999999998, 20.487999999999992, 19.201000000000004, 20.161999999999995, 22.225000000000005, 12.387000000000002, 9.746, 19.815000000000005, 15.846, 12.818, 13.366000000000003, 8.998, 9.198, 19.024999999999995, 16.674, 20.901999999999994, 9.189999999999998, 16.151999999999997, 13.945000000000004, 10.307000000000002, 30.95, 39.65100000000002, 21.876, 25.565000000000005, 19.299999999999997, 18.526000000000003, 18.479999999999997, 22.14099999999999, 37.234, 43.782999999999994], "pepper": [154.88699999999997, 165.351, 114.40999999999997, 121.55199999999999, 139.304, 109.473, 97.64499999999997, 137.91999999999996, 136.063, 73.788, 85.56300000000002, 84.98899999999999, 76.901, 89.82199999999999, 138.98500000000004, 133.27399999999997, 68.45599999999999, 78.48600000000002, 76.65100000000001, 70.38400000000001, 125.533, 185.58900000000003, 154.222, 73.39500000000002, 70.19200000000001, 47.26299999999999, 66.698, 84.33800000000001, 161.482, 117.50100000000005], "mushroom": [101.32399999999998, 109.44700000000005, 93.45899999999999, 90.50699999999999, 115.412, 73.00399999999999, 88.02499999999999, 128.85500000000002, 83.90800000000002, 51.772999999999996, 62.405, 63.48, 51.532000000000004, 83.02299999999995, 106.142, 85.94899999999998, 39.14500000000001, 66.338, 58.407000000000004, 55.91900000000001, 89.49199999999998, 158.35999999999999, 81.71499999999999, 60.294, 68.88199999999999, 45.674, 62.808000000000014, 81.77799999999999, 127.52400000000003, 97.254]}