{"flower_leaf": [179.89000000000001, 199.05700000000002, 252.36600000000004, 121.42800000000003, 115.37100000000001, 163.82700000000003, 238.13199999999998, 142.34099999999998, 145.0330000000001, 159.32799999999997, 158.48399999999995, 142.70599999999996, 179.07100000000003, 199.5090000000001, 171.35000000000005, 194.93599999999995, 150.478, 112.68800000000005, 141.32700000000003, 177.82200000000003, 197.44600000000014, 154.1800000000001, 150.721, 135.50999999999993, 114.768, 154.12000000000003, 272.53700000000015, 262.27700000000004, 146.434, 156.28700000000006, 136.132], "flower_cauliflower": [29.389000000000003, 22.365000000000002, 32.371, 32.65199999999998, 28.675, 34.08699999999999, 54.158000000000015, 17.863000000000003, 25.81, 26.422000000000008, 23.274000000000004, 21.50700000000001, 45.08699999999999, 43.64199999999998, 27.764000000000003, 26.008999999999997, 19.914000000000005, 22.684000000000005, 20.153, 27.24199999999999, 29.129999999999995, 14.808, 20.181, 15.922999999999996, 14.565000000000005, 24.235999999999997, 41.279000000000025, 36.971000000000004, 16.312, 14.651999999999997, 16.723], "water_root": [22.754000000000005, 20.191, 11.585999999999999, 9.036999999999999, 13.454, 17.781000000000002, 18.818, 9.628, 7.406, 10.335999999999997, 9.518, 16.347, 20.655000000000005, 15.86, 7.474999999999999, 9.603000000000002, 12.893, 8.812, 9.66, 11.094000000000001, 13.615, 8.411000000000001, 14.636999999999999, 9.414000000000001, 13.962, 20.081000000000007, 24.970000000000002, 22.807, 12.75, 8.852, 7.859999999999999], "eggplant": [31.862000000000016, 35.967000000000006, 22.716999999999995, 25.655, 22.323999999999995, 23.097, 39.965999999999994, 21.756999999999998, 17.224000000000004, 28.10600000000001, 13.908, 24.49599999999999, 33.20800000000001, 32.974000000000004, 21.584, 14.181000000000003, 14.296000000000003, 11.594999999999999, 15.232000000000001, 33.824999999999996, 38.275999999999996, 25.981, 23.021999999999995, 15.749000000000002, 21.865000000000002, 18.212999999999997, 24.313, 38.881000000000014, 28.535999999999984, 23.886, 17.471], "pepper": [138.85700000000008, 103.643, 95.79500000000003, 76.54199999999997, 66.97699999999998, 94.50500000000001, 134.83299999999994, 85.98400000000004, 81.72099999999998, 99.28999999999999, 75.74200000000002, 88.88100000000003, 135.703, 110.866, 78.68699999999997, 80.29399999999998, 67.717, 53.892000000000024, 71.71299999999998, 92.26199999999999, 117.48500000000004, 90.848, 69.361, 62.95600000000002, 76.11800000000001, 90.25999999999999, 127.65800000000003, 131.518, 61.995000000000005, 59.897000000000006, 61.96], "mushroom": [83.71700000000001, 66.312, 72.02699999999999, 55.952, 63.12600000000001, 99.69699999999997, 115.42300000000002, 58.128, 49.03299999999999, 78.595, 42.217000000000006, 67.92099999999999, 95.60600000000001, 97.67700000000005, 61.584999999999994, 57.535, 54.69999999999999, 49.75599999999999, 60.947, 82.75400000000002, 94.75999999999998, 70.15399999999998, 49.993999999999986, 47.818, 50.69, 53.73599999999999, 91.75399999999999, 109.63499999999999, 53.849, 46.29900000000001, 46.71099999999999]}