{
    "3.3": 0.5500000000000004,
    "3.3461538461538463": 0.6000000000000001,
    "3.3548387096774195": 0.5500000000000003,
    "3.357142857142857": 0.5600000000000003,
    "3.375": 0.56,
    "3.395348837209302": 0.5709302325581392,
    "3.425": 0.5755982142857139,
    "3.4545454545454546": 0.7200000000000002,
    "3.4683544303797467": 0.5200000000000004,
    "3.4714285714285715": 0.5299999999999996,
    "3.5454545454545454": 0.5723515301797358,
    "4.666666666666667": 0.520019562622588,
    "5.182033096926714": 0.3500000000000002,
    "5.2009569377990434": 0.33743763900614165,
    "5.208333333333333": 0.5549079141626695,
    "5.6871165644171775": 0.3493461698297168,
    "5.974452554744525": 0.3398819565312824,
    "6.041666666666667": 0.5104171044854536,
    "6.269230769230769": 0.35697962608874545,
    "8.454545454545455": 0.5800000000000002,
    "9.370689655172415": 0.3462739836307529,
    "11.375": 0.6000000000000002,
    "18.2": 0.6700000000000003
}